admin_id,name,email,password
1,dharragin0,kjellyman0@latimes.com,$2a$04$b0PoJZ8VqFuQ50uoD7hG3OPLvnjnwAhB.vm9bGcFfL0kUgUtzJz0q
2,szanettini1,bblakeslee1@eepurl.com,$2a$04$lR0DakmeWYfwLJunBbf6bOXVAoL4/ticOSpuyPOjs2vjhoYFXOc4W
3,mnetley2,fmacmorland2@sciencedaily.com,$2a$04$K4LgYTgvuQUxKmA/FUhBCO8cVxLRb10.zbigsRvRuUwVyNkSaFZTC
4,scamm3,aolenichev3@disqus.com,$2a$04$BPcku6m2IoSxiYtMLX3.8ejcFEZSCqeyZzizANNIxfVpay52giNzq
5,hmcmurty4,gbickerdyke4@parallels.com,$2a$04$RJbe.OM5g9tJrqhc7EiHReBywKOe6l9wasvgyfznzyOtRyL81CWNe
6,cedmans5,ijupp5@surveymonkey.com,$2a$04$n7Yu5FDFurpobHK3KJAjhOeU.r2opFI9ISSKOha5UdNqvWDUK187y
7,otosspell6,aknipe6@netlog.com,$2a$04$0bXGmDJyLSqC6.SthIBfO.UM8r7/KkqnooZrlEHKt6HjtGHcSlejq
8,bhardwick7,skearford7@google.com.hk,$2a$04$OU1NYUVhWQ9DEmaXwlU69.b1mvGdMSTxv5uP.D7oXz4Bg.T.NaH.K
9,hspira8,afitt8@merriam-webster.com,$2a$04$gsobFo4/LgRAxLsRpczFwu4/9jvxC.asj3Y3oz6Rm1zyTQz5L4GG2
10,swatters9,nmcnabb9@t.co,$2a$04$CtoqqEATT4PmZH9pxgX4EeY/ie0XHi17w2w/VGBKajFBZ3bgFPuTK
11,igoucha,nlantuffa@time.com,$2a$04$Y6S9Dt3VwfW9NW6ADPqb3.0Yh0.un/24axtM1EKP1Wrn/I5FqqbA.
12,bingarfieldb,atomowiczb@businessinsider.com,$2a$04$V30iAmHiLfm1ztW45dnA3OT.JSwy5pPOlS5x0Xksg0rKqDWWPvQSW
13,akollatschc,nbaudinoc@surveymonkey.com,$2a$04$HILgoHmCAi4gNcPdlpRYUeEdlODsCz04bB2UiC2xYoTXgbECBygd6
14,gfoulgerd,sdavidovitzd@timesonline.co.uk,$2a$04$zFIuSV1QJLcWCUBN5wyh0.y2qJlgf.PdI4wp6SnqdW5/FyV6sXdti
15,mblannine,smcneishe@tamu.edu,$2a$04$5.I7tadbGntbCLLnlklBPeqIlyvVB2HbykgvkhXR5d1xA4swsIsuC
16,tdoomanf,ocromblehomef@google.cn,$2a$04$zqDgvAzV7bVvLZSshJMsc.k.cxrsk582Bu4cArNy5gS12StktRI2e
17,bpregalg,gballaamg@yahoo.com,$2a$04$r2/ZZYPZ17N2c2KctVWV0.EIbVhR2130fhiEt6vw/qgm.g6.rIZoW
18,sbuntineh,granahanh@reference.com,$2a$04$EKdqf7kQpAs23uxr8qIsXufwpUPadiUGQv.LkqL/shNKxNyMjTju.
19,fhewinsi,mharbacki@friendfeed.com,$2a$04$W5qpGwFoyPV8sPgqF6a7q.IA1cHSrMy6sMXQ5HGTbHodGtoLhd/mO
20,sfeatherstonhaughj,uledburyj@51.la,$2a$04$VQsiWQebugcZYUyO60DTeus7wcP73cu7w3FEDRFWXAWeuo87cmFs.
21,aledwithk,rmcgaughiek@businesswire.com,$2a$04$9Zlf4wJMFg1eNCCL7KA75eUoC0YDPQd/zZEtUCJFELGOd003Vhab2
22,dcaserol,cdennissl@zimbio.com,$2a$04$PvGlwzdsh3KHoHchBYW.jevDAtv9EA1fB8r3l43MIN9yxHT8uDL7u
23,jeyrem,edemicolim@psu.edu,$2a$04$HORKjWxJa.CQ/d3nR2D97Oh.g5OVYxNoYkGqAa4JDBg3FSdsqV5mq
24,kdressen,ewaslingn@webmd.com,$2a$04$CekFs8lWi5WcJTArglBUteFIK0Z6k71qIlMkkSCebgs0HrRv3unnq
25,dbrasnero,gmcquaideo@icio.us,$2a$04$Slt5OJwmlaDspuz6ZTwEGuPiix24Z3gTsjjhuLzN9G0Ta4fOq8ziy
26,mtedderp,tcuppittp@sohu.com,$2a$04$5XiudHFsO1UEhehpW/UIQOg0KgnW.w8VJO7NVObCwy7cwO.7cPCea
27,vforlongeq,sjeduchq@biblegateway.com,$2a$04$YO3hExdvxbuDR.nKMASVlep3GYeVLCEHXnZPaK7DMfCp1tzMsukoO
28,jspottswoodr,atregaskisr@oakley.com,$2a$04$PiFWbqJOGkq5qIx28bWCgetZfJeumAwHBSZqy5.nNeGBBodH/iI4q
29,dcordingleys,dalsops@canalblog.com,$2a$04$0NGrU.GA89tjExVWR.AiFOPU0npzXmyT2QIMYrpWDD9S.wviVer8y
30,ibowickt,clyardt@de.vu,$2a$04$ZSR9JU84oHQneYe332ovC.ITuEChsuwPkQgrrqlpunhIOsv69ixxu
31,mocrianeu,ereedyhoughu@shutterfly.com,$2a$04$fqCeFViRblNjd/7CZOOJ8.nxlm9cUIeMhpdUmcc82DUI82PN4ppLu
32,wrylancev,dkilmartinv@unesco.org,$2a$04$RHx53aoHg4FynIbrDJwBPOr1O3F4FOKU3VAxu2OfCDOrGc3JLwdxG
33,ppetrozziw,oblazejw@1688.com,$2a$04$wKjPlmO8ur63QxrRPWnQQ.fayQMOFJeEIj8WOMh60Onuh9YhztAxu
34,kpudneyx,ableacherx@cdc.gov,$2a$04$LlxWPb2s5Lm4MGzN6wA0QOZ11hol72RL9ui/GUfgqmXXnjiUSbXqa
35,lmacparlany,revay@goo.gl,$2a$04$EaDEbxThGBgued6XQOonVuiuKk/Ytje6Ei5/87qesj5mTcA9V.AVS
36,jcallowz,jbosankoz@tamu.edu,$2a$04$mwxRoaqsAueOOfOhB3yF0.PG.DV5b0iBqGdLTjTkcETD4oBxMs80q
37,ekreutzer10,fwhitely10@xing.com,$2a$04$WvvTA3ugUycYBqJo1tnYyePnAi4ayVwexYiyEdu94TIN7IUQysEMW
38,trichly11,jwallworke11@mit.edu,$2a$04$sjpOMJ2KJ7YojHPOlZxv5.xQvAsd8bzMQKFIkz.8SVw2aGI5BmPL2
39,gshivlin12,bbruty12@joomla.org,$2a$04$tCVcw4yB7.j.S1y3HT9IQOimqxqHORV.rI1MWSzvzHktsI3Ns74Sy
40,ioriel13,atoombes13@free.fr,$2a$04$cteQrt/Ke2hLnzfbBFC9M.i5Y7I/XvCzyRrYCFje1REuHFUjN0VCu
41,kgollop14,mramelet14@a8.net,$2a$04$NIYVGLEZzd4OaA2cks7XxOq.li7WuPLXPXxNblSuF/Zjp8VwOXhwG
42,dsleigh15,rsant15@economist.com,$2a$04$ncD2b8GoyUll06J20gbOLezEDShkkclcfzADDFSEp6NZd8S7xbbVW
43,rcollihole16,robeney16@ask.com,$2a$04$zPV3qot2Mgro0B4472rFu.n7LM9RgVKgNtE5QvsW7BOv.CMTjAnha
44,rfishlee17,mkinney17@ameblo.jp,$2a$04$vXTCl4zKWHcNE615tGugW.2yEoFtcQHmkX5q6mAD1n1L2h8gLpp46
45,holufsen18,ncullimore18@noaa.gov,$2a$04$8KLNrR9vpzyYUWcFeYVueuhdAqAVIZT52nFCNp5Ay0c5c6RwAVoqK
46,sjefferies19,lfitzjohn19@people.com.cn,$2a$04$Xeu3I83XY5vBN72v4LY9h.qaz4aFWce8hHCBf0axjCBjI29CRuRjm
47,akincaid1a,ttrimmill1a@digg.com,$2a$04$0sLnDsxQsqXy4hrHUvS6n.s6X3iFXqXtXOu7ch5c20I0MoFSTIwdO
48,hquinnelly1b,ahein1b@nps.gov,$2a$04$JwTPce2bk38nCwAnZg4xZO.K6QzRvmMqzhukY/4fk2WV1Q3bWRxLS
49,ggirardot1c,eromushkin1c@dot.gov,$2a$04$yjsopHCm7kND/IEttDg8wOy45Gfkf8kGllof9262UGH4G0q31Yw.S
50,bmathevon1d,mcolnet1d@dyndns.org,$2a$04$OrL4ivfmpkoJzv5bexG1k.mDJjwImlhtrSZuXXxM9Zh2DT/LaAws6
51,nbee1e,ocastelluzzi1e@prlog.org,$2a$04$7SPOID9Pafjg70fgs5mnc.LQNBcMSFgMwHKFzpOHENdgvFRe2WK6e
52,jhodgets1f,dfrid1f@issuu.com,$2a$04$ipCf0acUMATJED8y2E.sme7LSIm8YunB0pvZuQQlqbCWQIqtihzee
53,fnockalls1g,pfitzsimons1g@posterous.com,$2a$04$jbJFg4Pt.WPwm5KsoRIchOeLn59c4GTUSvHgI/1jMypbhz4M3F0UO
54,djosowitz1h,hgasparro1h@homestead.com,$2a$04$ezTuoOGC45ZESqRiZo0pHO6SxUMzzk8FtaXIOeOiWonCUit/rXGSq
55,lorr1i,efridd1i@pen.io,$2a$04$NezkiblgJewwiewNiC8h1O.2yq1F85uAoH4AkH.j.xC3UrkWBj612
56,lhuntriss1j,akirwood1j@163.com,$2a$04$kFa03uH0.xfTDsS/cNOzReLYspnU519IA6jnpfEG8r9qUvciuLfaW
57,kstewartson1k,phullbrook1k@oakley.com,$2a$04$eB09nyv1kzCKDMjrUdlLu.VRb9n99eqQi2xYhcBKOysd5M/lzQJFW
58,zpearmine1l,pmaltby1l@freewebs.com,$2a$04$MtHLmJ2q7V3p4eviHPRNXe4cn8aL.TrqdvLyco68WmGgqTF674ug2
59,uyandle1m,mvankin1m@google.cn,$2a$04$bmm7xlqijCg48GUKv57ze.sax.uwXpcj7ur5ZSL7TopnwxIWDsgV6
60,rdreier1n,rtutton1n@yandex.ru,$2a$04$uQP7BHKeAOSrdF2sa90zAufGe3XXK/JLVXTYKT4PTyhHgwg4uWEGy
61,mfritchly1o,llints1o@un.org,$2a$04$W5Sqk2Szp4aUpGbj81alE.Qy8L9OdZt.DFK09kAEHmwo0yIPAdEDS
62,fgradwell1p,rfoulsham1p@topsy.com,$2a$04$SI5YKRliwQmTIX9CWF8L3.Nk/1atTeWG2dBx0ZzLRRi1/Nd5wiV42
63,pobert1q,cmellem1q@upenn.edu,$2a$04$SWN8zrNj0gOeutkI1ODLrOuIss7NTeJV86417o9cbGntowGFYRNTm
64,gclancey1r,ehuot1r@apple.com,$2a$04$ULoQM2p2htmQdjvustCIBOLtPgiApcrvBJkaNCu8BKrLUdDm64hBy
65,btireman1s,ctrodd1s@networkadvertising.org,$2a$04$36ev.XpMuUCYXzzb9gzceu7JufaPyT.N01Qa8aWGgZD59ZLBlQLvm
66,mbusch1t,csyms1t@china.com.cn,$2a$04$y3h3Wmtih45IXv.UUjSu3.E1YQj72bUns9NKRdPlhHAxAQZ8StnC.
67,ainnot1u,bpine1u@house.gov,$2a$04$9GQiItvjkYUA5KJr3ZT48OKqkLkEeOOCtlIzLKnL3zTUqNKRsh3le
68,knerval1v,lmanifould1v@bbc.co.uk,$2a$04$VOG85A1A6r/XN8MS8CyCN..yVJp360DqWWML4GkkouFkByrfmPhHW
69,ncardinale1w,areeson1w@skype.com,$2a$04$kISnMrsdgwx0nLqwNut8AOqW9/iZv80J3yBxIBKDwsXeuYkZZuSCW
70,ajenne1x,jraigatt1x@jigsy.com,$2a$04$uB/ke52LS/gkauUL76/H.eXgucb2RRwv3H.0BHEmqHsNszogGCGDi
71,borr1y,nwiddup1y@china.com.cn,$2a$04$Ta3qbcK.OUS9/x5Hr12TjOrlnYHweS9jAPZdIJ8FamSVPtHRly4J.
72,schewter1z,vcrux1z@netscape.com,$2a$04$iShsL8NGxw4xDEgAe/eY9eiJIb2HOsWF53SdKmO7WpXwWi8EsWAuG
73,gkeeping20,cbrands20@networksolutions.com,$2a$04$BdU1NOapoEmZwWDNOEF6Bu4jopO8EPiYTlIXD4Vv/n/E5M49fnv5W
74,jhlavecek21,dfransman21@springer.com,$2a$04$80cgbWCXxwQV9quy/s0BO.REH22Efpnl6TK/MVrvu7.h3MM5/kQo2
75,avallerine22,chamnet22@nsw.gov.au,$2a$04$UeO15s3ZGU4zkUfyYNhzu.IVtq1.rOBYa26FJXgBO8GppizI6nN.K
76,rdurston23,nmaddra23@free.fr,$2a$04$KTNr/MxFhVnrCbPJt1R0jOk9U9TGyc7021UNRaYViqOvf6XzKDnp6
77,bminton24,lbrockman24@webeden.co.uk,$2a$04$fMQiWh53Shek5E3JJfMO4OYTTJ2660GN/.2unucG4a9AzJPkOdRVu
78,mmccosh25,mferronet25@altervista.org,$2a$04$NP3UZTvo55U3G9uwl0Ip4.IbUj.lCuuCdeh/jhircRsImekQ7Lgia
79,oroberts26,ftyt26@miibeian.gov.cn,$2a$04$aPC4hJS2dzyB7O7yRnlS6eF3RdXntOcvyhFL7sLsaRLZgEve0CYDu
80,lmatveiko27,afragino27@patch.com,$2a$04$gCMTbwDMBEq63nYUlqoYzOHeU8njaijLaXHIOz2aGnnWglJ0Ieiqa
81,aworsnup28,jmccalum28@illinois.edu,$2a$04$jtDbJa0IYfGoueMKb7N3D.WZqlEKfsUNsUr5Xev2wPZ49L87tlsF.
82,mflockhart29,ahitzmann29@ucsd.edu,$2a$04$NehKlpWRFUyPBirJKIsqOuuIbhDiMeOswbGlI6Pdr1I1jMp7nIJQ2
83,cwoollard2a,blinzey2a@boston.com,$2a$04$5r4jBrxeq8r0U3LgOWFG9uAegfUJqSZE/rCyvgIWu8vPhWPskl5ma
84,blannin2b,ebigland2b@psu.edu,$2a$04$RoeqP2Z6M1tb8fIKer4lb.Dr1AxcvMM6LeJF3xoJCuoDM8.fdWCWy
85,ejouning2c,sbirkenshaw2c@google.ca,$2a$04$PD2oFY6KS0QekOyiZu931ezvXE3sqonpNBdCCjOkI8h36o0tZMun6
86,rdeftie2d,jashleigh2d@va.gov,$2a$04$7lXrpegofrN65r7wlqcyUuSm97zGhQWc7obTGsiYtFCxlNZJ.HuSq
87,jdaniell2e,yswale2e@youtube.com,$2a$04$knT9gqRT5J8tIFwwhamQO.AYxOf5DUyWLGv9dK.3J0vRdkR1jRDKO
88,obrockway2f,troddell2f@accuweather.com,$2a$04$APFhlIG8gW6.Ik5xyw4IJ.jartrCwzIom.aYGhzYhDAtWoG8XF5WW
89,bpeyro2g,ipilpovic2g@diigo.com,$2a$04$4j7ruNo.3e9vcBel0ObD/uGtxmCWrp8mF6HJ5cQHFZvQzddA5t.1W
90,biannello2h,jgozzett2h@umich.edu,$2a$04$yf70mNSyZAq3A8o9UXGb1.2Kd6lAAz//TVYKB53aYUk/ebhmx2fSu
91,gwillerstone2i,rwindsor2i@google.com,$2a$04$wOcOp6QS5eDPd6lzJdSGIe0b97ALCM6IKmEFOyyGx1RV/I7qBmVPS
92,rockland2j,mtoope2j@about.com,$2a$04$RfqMeKUgd5bu0jnhuuZ/neneVDm1Q.DfFC8IHmuv36w3EQ5MTGVIm
93,clonie2k,cmcgeorge2k@boston.com,$2a$04$aDOFcprii/lW45tvInNb5u0j5pzuCnSDNW5N0gIe6gGKiLku3Dqg6
94,daizkovitch2l,bstribling2l@shutterfly.com,$2a$04$2cfEoqoL5BymTZAS1j2ujudg2fve22ITXI.NKnB1iP1o6gnXSP.Dm
95,fescudier2m,gcivitillo2m@vk.com,$2a$04$DHn2wlm8.O1M7d.F89zOiuHBMGKQN0f5pKKatT9SUxh1PWEnyjdGe
96,rbonnavant2n,ccudiff2n@nyu.edu,$2a$04$8/qR.LJvnnWvAM9tI0b3Zu75i5w7FILJR44Wd846FnJkBjGjcuEjq
97,bhedney2o,emerrgan2o@gizmodo.com,$2a$04$1oi.fT4Wv3wFS4W7ealQaeltMTFWMS0m0XlfD3cgXhUK0Uk/8ZldO
98,csawle2p,jloines2p@ucoz.com,$2a$04$vb0tKiTkDdF6vx0YfcqgmObS9p52Z4QPIbEKEIaKoNKknTx2w2Bc.
99,kdunkinson2q,thuxter2q@reuters.com,$2a$04$2Y38xxVRsIdL4jcCG5hpL.pOa9NDHZxnc/MRgYqyhHb.FL0rg8pYC
100,emccaughran2r,ehighway2r@wp.com,$2a$04$.MqDquOTiFDV0vmkHz7myeXarjCFFntIB6XAshwMElnCdBwmq8C5u
101,dkislingbury2s,fhughman2s@last.fm,$2a$04$2OkBG.Q/xunbL5RlWmp/AOliluU1iElFnkC0C1AohT0SpWI3r7qxq
102,modulchonta2t,zstow2t@issuu.com,$2a$04$5w0NZl/tuKHLul0a/nQaSOcJSXXtVpXj1Quk0V7HaazRfaC2rwFXy
103,urosborough2u,cbollum2u@phoca.cz,$2a$04$AxPOLhnH7zgGQzaQMIB4Weq.Y.jk4ZGk/mSI.lzrsI1j6t4DXJQxq
104,bpaur2v,dsighart2v@live.com,$2a$04$IlleTecB4XVWszpdl5ZqS.Goln/R64o8PDrYP5RKgYDa9NtiU6d3m
105,tdulieu2w,aeckersall2w@arstechnica.com,$2a$04$z3rufhHICRFMK4WIoWm43e69eVIksOmnH7R/p6MbLRbCav9MRY.A.
106,arobelet2x,wyork2x@nps.gov,$2a$04$cH/Lip9KLebY24O.oyvRzeHVkd09YYfqD5lu2W4bQk9.pGBNHzGg2
107,mpenni2y,blaetham2y@businesswire.com,$2a$04$1kUk4jBMVKU265CQPrgQM.BP8Ta5lewt8NlEszkmk43B2v56AyLQa
108,wpackham2z,tgemmill2z@reuters.com,$2a$04$SZWDqgL2eOZWp5OoG9SXIezoQJtM7p4/bJww3U5ea.dBAlDFtYnm.
109,bscutts30,hkneesha30@netscape.com,$2a$04$IQBQVIzZXo/wNqZCPhJ2yOmw7BP5DzQKQz/agAlFMByUkPyqNuh4G
110,bbassett31,emichie31@pagesperso-orange.fr,$2a$04$Z4qYEU1wz7abKBZtDlM6A.VD6zWLuN8DuMip/LOmidppKWJIVu1ga
111,tmedcalfe32,egillebert32@census.gov,$2a$04$AnJa9npenlI5TPzWNB.C8um7CnRsdFckcXfpT49yXdMiyQO7SCz7W
112,tcookman33,ggosnoll33@state.tx.us,$2a$04$F8NCWCE7eWD417hyR9OdPeZPKX5cyFOa3lochGBTgVea.5gbnuPwW
113,rjessop34,cfigger34@dell.com,$2a$04$jfgqA5IuNoK8L/wfSAJ1BuUPuYJ8bPt3Jr16Sk9p95EW3.Gaz1fOy
114,cilchenko35,dmebes35@nyu.edu,$2a$04$FRT5ncw5HUFtoh7jLem/2OvPoG6UcdM.0LB.MSQ0uNpSIHyIzF1RW
115,bduggon36,rolexa36@prnewswire.com,$2a$04$WBVl/MfSg7bFne3mvPja.uSUGmJC3hh4RL/GJfvikzP1E5efd.aSK
116,cabrey37,cstillgoe37@ft.com,$2a$04$S2.cBR1FdqFWZ6LriLRR9OUp2ZZB2KN6sLHXu22XlW1ffsOspCoVW
117,cbarenski38,pmccunn38@cnn.com,$2a$04$3mCYLXYnuFHlAywDyjMaueOSqcRcFxROWq6cFeYcsRPBAHVhHM/wu
118,qcoldtart39,ilacotte39@intel.com,$2a$04$PbrTAdoguYecF7tmD.L1BO/Ztj1DBbMMGdAaxLEJaKwd0aHBML6Ei
119,lsmissen3a,kgillam3a@hexun.com,$2a$04$gzrFbcXVb7hT2DxFsq23RO2uRUof0A4Y.ph/EULcHxdWNurz1AaNa
120,aropartz3b,moconor3b@yelp.com,$2a$04$CeZ9gZuOLd0e.EmZH6qSKu2hyeJU0wUjtN9m.pCopqEIkRYaR6qPO
121,lcurton3c,llyddiatt3c@ow.ly,$2a$04$sbomSATxcd6k3WwoohMugOfaeNDRd8u87RfcWfu3wIQDBC6OF4SFm
122,hjurn3d,acoryndon3d@ifeng.com,$2a$04$bur8DIvmO2suBG/ZIQhp0.2cmJL64uMnwF6iFcJt5oAeHrukdmTM.
123,ddraycott3e,ppennyman3e@trellian.com,$2a$04$z5GplhnhxurLN1xm/KMxcenMQY9z4zFOYG2F200JEiJUQz8muqJEu
124,dattenborough3f,adressel3f@fastcompany.com,$2a$04$6LiVSVc6/Imi21wa6oI4IeLyjPFtjjCgQPdz7chBW0I/KIFh77Ow6
125,mlowes3g,tamiss3g@creativecommons.org,$2a$04$9OLNRkKj6bjCBHXTnutn9e4yECAod72RSYRDn2Wy0FPGrCs4EN8Pa
126,bknevit3h,jcartmale3h@wikimedia.org,$2a$04$stK7ZdOL14CQ3NQNfdVjI.vcG4mU.kd2nk89JethgsXvUFK83Bb6W
127,ldodridge3i,mheggie3i@amazon.co.uk,$2a$04$jhEqwLQY0okaScjyHu44beBLRtvHdKUs3IrJvpILf/kD1E7L1vWfa
128,msandey3j,bhotson3j@columbia.edu,$2a$04$x6uTf28BrSrg8iVhUQzMJ.MGT77gc4CGl4RN/t.gI6nWA.D2SxOFS
129,gcarstairs3k,aveldstra3k@dailymotion.com,$2a$04$SQABLIp.w8Xv0l5vzymUie5w/GZkR1Bt5rP18Wj3EeDAGkpni7yfS
130,llatch3l,wtomasi3l@nationalgeographic.com,$2a$04$5WldsaaEKKdXGCH5MWi.P.dvgIIXRZ/bY2JvbPNo7boi3yhJNO7ZG
131,echerry3m,bkeming3m@simplemachines.org,$2a$04$Hpj029Nq2GrJLriMoUrE8OABE7.zYDszjW/FiyRYzGRZYsXYTmOm.
132,jromanetti3n,cbarden3n@uol.com.br,$2a$04$bVmxPH1dxIsF/m1GdF6nJ.QT6JLQe2FFxlHr5qWK.N2Sh2koQpwr6
133,wpeeke3o,ddillingston3o@wsj.com,$2a$04$Q51.LYn1kIJHz0qBn7pNmefzEnF1EcrmumqvN/RXt461yJJisHInu
134,mpomfrey3p,lkliche3p@angelfire.com,$2a$04$Q/h6upR4XqR6w8oa7Zce7uNOzIJ93y7LfrQ1IKsgbX9mDohPUwaVu
135,ccumberland3q,dkopecka3q@spiegel.de,$2a$04$RGR0PFo8AGQ3zAdO/c5Zu.o5uA3z4X9aOXR87lhzt1vZkeLwv91PC
136,lwaszkiewicz3r,ostrasse3r@ebay.com,$2a$04$SznM7qg08Z.SRxyfYejvJ.6Fb4/ubFB76373bdaEpvZNTtzqarHBa
137,statford3s,bdryden3s@shutterfly.com,$2a$04$tHxLlQT5jPHLizavtYtIcObJR5gBz/lsT0pGRR.k.OnleP6us5L8q
138,vlamba3t,dcraghead3t@vkontakte.ru,$2a$04$W6IKGVRYwBRQKqNBV9NmOOl6F1SKrrrFKL5E8HjscA3R.ri/0D.pG
139,arollin3u,jmerton3u@tripod.com,$2a$04$/HR.2YqYMieJQOcG8lUJi.HSxetKySzmq/lpA2aU0zI8FX1xOdbEK
140,sadolthine3v,mhughlin3v@sohu.com,$2a$04$B3bUL62sXl2t4z0r13vuXOvyWI7q3eF1cPQ/MROTr/Ho.Zh70.Dam
141,vfriedenbach3w,dnassau3w@slashdot.org,$2a$04$9KW8HjSwlZFmDFfvJ2Qjm.zpfM9W.SyhVixfONNKXCjVsTT9pPLfK
142,mpfaffe3x,okieff3x@forbes.com,$2a$04$7OOh34SsxEqlXb5Snhq5zOo6B/5wzuFoCs83h9ciosrxVORBrEtUK
143,wmcart3y,mrawlin3y@shutterfly.com,$2a$04$8seHqFUQSwE/NAXUhvf4re1DwXHDZ8d0LET9GsXYxhvGkLeYPgW1O
144,goulet3z,rvenners3z@samsung.com,$2a$04$6ZQom3.DUeoqo74MqMHV3O0zX5dwKLvVSyEmqB2mstk0v.pLIu97G
145,pbannard40,krozzier40@hibu.com,$2a$04$J.czxzKWYXfk.W3VXEQcB.lURcKCkB/KYjxPKv0Ha5fWo4w41e.Le
146,kbeales41,erobecon41@senate.gov,$2a$04$idwO.GTzucp3yKG39iVIhuiBFeygUNaMBFEMs7cyBLMSUAx7NurLi
147,sbolzmann42,sstanes42@washingtonpost.com,$2a$04$boOnBemUgbtMnGAASaLzJ.g6P1/uTuE.foIVZGkFaVdC03/IUqfbG
148,anorthidge43,kmcconnell43@canalblog.com,$2a$04$kplkxy9Nq1X8SiFN9/ns1ebBUwRKVfjutZjF/oI/yzyeb5ZbnhKaS
149,autton44,mmcilvaney44@hhs.gov,$2a$04$CwJYzsOTURurAXE6dOD/6OQAoNvwEQFgoqwNLiSV4LYUdWu8Jl.Ky
150,soliveto45,bnelhams45@ocn.ne.jp,$2a$04$1IgriObEf7pgZOqfPU8/t.9bR6VtX4bRjEOJQoaTdKwf0E3eiC2em
151,hhengoed46,dmearns46@multiply.com,$2a$04$ccw1zemRN0q59oKsR6X7mev0OZIrIVYPxmjuR.E44XIcVsn1rZ3aS
152,eshirlaw47,harbuckel47@examiner.com,$2a$04$c7hVCEGSmgSDT11rihlKsOWuwvQl.CvqzX.DMQUHhuBFq5TtGrI3u
153,kleyman48,itesmond48@theglobeandmail.com,$2a$04$PGNe7h.FwYcxTLcy.0qHy.lVOxhWGqW8zDhnaPEPXpZdNn7EmlHk2
154,aarney49,kharberer49@mediafire.com,$2a$04$xm1f1RXyA.7X72oF7RJOVup4LPS3ETKlDe7uruS9yAvo./ylBbMLW
155,kjefferson4a,hmcbryde4a@webnode.com,$2a$04$H4YqYMYRNISAL4zAQti99OnyluSdeCqab7NW2URp4BolBxaTy3Td2
156,kdebeneditti4b,nwallis4b@uiuc.edu,$2a$04$A6nXaILKrODa.JeIBuSW/exoEYW1d4KUDu5kstNgko.mZQXeHRbSC
157,ecrippin4c,eolford4c@paypal.com,$2a$04$kLDazbqnzBdV/QOnmpbRX.OVZ6k1H1UbzpVUXRGYdVDhL4TnqNGw.
158,tcoggings4d,imacarthur4d@acquirethisname.com,$2a$04$aP9RqWRh9mNS1KyPsJsuDeyHzMvFhn49Ip6nyi8AyZy2c.yBgdZ/6
159,gavery4e,dmoxon4e@wufoo.com,$2a$04$YDUcn8S.nTfA/I2i6HcfFOx5LxgHMFokMHd8oOpA48pt8dw/2LFIq
160,lmughal4f,kmustoo4f@bloglovin.com,$2a$04$c2pKb8BBawg2hPWQ3/SF.ekbjjCGLSk1YJy.N106ij2xXb3kdvKDS
161,lglading4g,tfinden4g@mysql.com,$2a$04$kiBEEcrjG5sUaq7YVA2s7eWv9qvIE33nGwL7f4au9MxFk3jvtjES2
162,cmertel4h,ficom4h@gnu.org,$2a$04$jfosFt0DRHzf3N6bIUezfO7HCvhSmKi9vySGMSwz4OolxWboGMhEi
163,oflemming4i,amoffett4i@marriott.com,$2a$04$.LzeS3586z9n6bKor3AIBejoOIJq6..JcSnytPaPsvdAqfloLwAzG
164,arubinowitch4j,jivakin4j@lulu.com,$2a$04$Z4RMafJpIgSRw.fjr8XAIuiCJ86O8Hl.du7GnEl.qx3aj8zDSYG.m
165,ecully4k,mdilnot4k@washingtonpost.com,$2a$04$/aSoKLiS7WCgjyQJijj29urdj0OgScL8VM85fBA1iXwruTXBmDcue
166,ssly4l,gjozef4l@surveymonkey.com,$2a$04$IP.g7YBls7wMbBVZXh1vr.JpcHHUqN6NwKFwVcQXPTlPzwnGIScFa
167,kgoodlip4m,rbonallack4m@mail.ru,$2a$04$3XO8Fq4PRZrzSswVLr2zI..Um7E2FRUOiOqv9F5WBLlcGSzO6odFK
168,boaker4n,mineson4n@discovery.com,$2a$04$M21RhfavbfQC9lqTL.5yWOa3Pjvhd6WfiEZfZ9AIxPqsIgKtNPKzC
169,rsolano4o,kwein4o@pcworld.com,$2a$04$KUzyytQb1FBoujOMAlWO1e2QatGtCzeNTX73jhctkJ1/rtEUUet6.
170,oputson4p,dplacidi4p@hhs.gov,$2a$04$wQxay6ORttTWeMWF8CHL.ONXLcav4f4KEiQBMvdpBCYi0WRkdkiia
171,amcmickan4q,afirbanks4q@homestead.com,$2a$04$XRIUOGUH0DWYIK2cWp4X3OpkWaKRno0aX0PYIpMWM73sYpKif9Txm
172,gbenck4r,jmcavin4r@yandex.ru,$2a$04$Tpd9cO8vL8bb4.tIqZhRkOVmA/hzgJ4MIivho9TzmZRUGTBVk1kpi
173,kjowers4s,arate4s@pagesperso-orange.fr,$2a$04$ndtxXehmN.6TKxhg0V4fbu/YEmlT9urakieh1hCDITN2r3OgrC3DS
174,hpengelly4t,moldred4t@quantcast.com,$2a$04$O4OtnWyi/cvsiAh34ypcEORFEP0yoTrIGM/GRnA7tgYREcdzz0kEa
175,ahoy4u,gocaine4u@tmall.com,$2a$04$qqOEEGpMGQQVwgwOBtfAWu74V1nqMYf6XgUAsfba1v7WLsh36//Q.
176,ftorresi4v,rsalzburger4v@mozilla.org,$2a$04$rcyKERgiOxXSgc1jzS.0nODaNDChWO4wVUigPGikiMuX.dCGNI7Jq
177,amcvity4w,jkleinhandler4w@ucsd.edu,$2a$04$EQzUsuUoKP.L.4.lmLXUSu3xRWfMMEzNntbsYhM7QpSp8cd0U3hl2
178,mmclardie4x,egutridge4x@sogou.com,$2a$04$5JEi4a6U1/gza2inhECVOONNN63S0V3fXWK35WVFByyIh0cgowsDO
179,cmcmurraya4y,gcashen4y@indiatimes.com,$2a$04$Q6UUne8SdpkQQddf9MkEzOytJcNVBAaanOr54O6Y./cefd0CauTum
180,lshieldon4z,rghelardoni4z@unicef.org,$2a$04$QNjDDvkCJ9n.RVSWa7/tje7Mbnx3WcxZWWpg.QHUdIFsxhRn/x7Qm
181,cshelly50,lalphonso50@google.de,$2a$04$BYhoM8HCU0SSPBPql2FImeB7ZdAs0k3YuE8vnvGsNYx2H.ZNaLetW
182,ylathy51,nwaterfall51@constantcontact.com,$2a$04$a.0iS6zlQMH3VlAe/zJ9Oe/cA4p3CCCC4OJzhsgLI5l5uANpQ9YP2
183,udomino52,dwastling52@princeton.edu,$2a$04$xjyDKFHlBo2PuxSrJWuoOOiY0xjhPOzSH0BDo4HX2oRevkX7U7Ir6
184,zchalmers53,rgange53@arizona.edu,$2a$04$HBSvNJKpDkO8IUALDwgK8uMZhyALxei61e.2CUUVmRcv6U079ixbq
185,dworrall54,cmclennan54@ehow.com,$2a$04$3zM0ytxB2sKeAFe7VpFeLerC3uE3GYaIefK7vBcHZtoraHtyF.otO
186,btoman55,dhardson55@webeden.co.uk,$2a$04$A1buJBa8Cvg8xHvPXjkhkeWMe5xIs/kz3Y6SHAtfug8xsAq14N6/m
187,jbarrie56,ncoxall56@php.net,$2a$04$m/JUFqUxbWAl3haddry5PeSyMum39Xb8tcqWfzOI3DV4eRtEFTdAi
188,hnicol57,ogasnell57@barnesandnoble.com,$2a$04$yuKX24gcc9oMAAFFD04aj.8aRgYU6X2dOL1jcHC3EZCPMi0xp4uty
189,tawdry58,sorrock58@mapy.cz,$2a$04$VqMn01OM.LiM.5H9ILZpSey32pCVpBjR3FaaJu0ZjTTswX2mnNmYW
190,elarvor59,ejaslem59@skype.com,$2a$04$72t7eR/WaNCANBjj7x78iO1wRhf0FnJAhs6DnAcSIRD6IhHdydyy2
191,mdumblton5a,jhourstan5a@hexun.com,$2a$04$YNDUHNgP57oxwVFZeqDjr.8/maow8yb00OoFfBCgS.UxBNS2a9Wp2
192,jfairbridge5b,ajacobsz5b@ucoz.com,$2a$04$lwm8mcCVwudeRDHH3GxHZOKFEWKTooqOkFAzv19qo6OkynE.u3FRy
193,drains5c,rsilvermann5c@slate.com,$2a$04$I3BCUoepxxOKv2JkJgvC1erKHzV/Thiwp7wz9aEDORMNsmr5SAppi
194,dsleicht5d,dkadd5d@google.es,$2a$04$rd7ClZkO4Kfxz1P21jxUW.vNZ2mssz9L5Ns.jzVaJX/ebjumxVhUi
195,aizacenko5e,tpitrasso5e@ning.com,$2a$04$cqrUUkStLjLyu.xePo5MQ.KJTUllEh/8R752xHFzKpQsMfhK9hb8y
196,scookley5f,btilly5f@theatlantic.com,$2a$04$0C.wTgkpB8Zc0bSluscvpeBIsj7kp5ch7S3n6RmFunNEPK0Ken3su
197,tknagges5g,neymer5g@wunderground.com,$2a$04$Lk/7zMJk0.gqI58I2OjVcuX2OpvOswVxhxrqlN2E2sMpNB0dq8M02
198,pbertson5h,ulamke5h@unc.edu,$2a$04$zZ1CLQupr6k5r2tLKB70w.82mSIICgpC732puWDvbqoz1cNc2VdtW
199,tclardge5i,gpasfield5i@unblog.fr,$2a$04$djUWjSv3835XzJU6qDe1DucU0joX2dj82TL7c/iHu2moBVqSnwp6K
200,oumpleby5j,edanovich5j@istockphoto.com,$2a$04$/BeFHpK.APzEHz4G43eG3ucD/4/uoeFYQEqo9EpauYbZuax0Pw4oe
201,aabramowitz5k,msurgood5k@auda.org.au,$2a$04$zgtfqW2P9GhI8XBcIWeV9um3SM1wW0Zvtgfs9vEKh51Wl4.yyj5ei
202,slorans5l,arauprich5l@zdnet.com,$2a$04$VE6IFiwPt6BAsanyNm8WUu/9JGxltJFsDpZrJ5SeJRWyk/r/h9SAu
203,civanyushin5m,dbracer5m@npr.org,$2a$04$0Tip9/iD7yRQbpHxYkzJXenGrIZaehwJ4zDi/FMwkvsepO927z1Gm
204,ntipling5n,hredihough5n@ameblo.jp,$2a$04$hYTpyDFLEQzIKO0nVjgtCeUCNbZ3/XGuwQm/itTpCxXhkYMSv.PY2
205,lbuckner5o,cpearse5o@chronoengine.com,$2a$04$vnoLkaKCsk9cdXrk4FQIB.GjDnx5DDFp6BUzeM9CxSuQ3Noun.BXS
206,tvandrill5p,pjackling5p@webeden.co.uk,$2a$04$5Lf/20IPuGcdUBqofSwgDOVDyQKW.gPxyvy4r4DjY4CoPamfWC0bm
207,craiston5q,aqueripel5q@wunderground.com,$2a$04$3X0jyZHswMhGDV1TAuw6I.rFE3JHWv82P1zbZKksAlptT7ir52g/a
208,apirri5r,fbeckers5r@newyorker.com,$2a$04$XxhatlhK3nNp9pdikXcmje1sHLLlqWMxbgI.bmWczClojtQeH8dlS
209,mhalvorsen5s,pdomelow5s@constantcontact.com,$2a$04$wAPO5pI914...fCSZOf4D.BIq0ucQdRLiv8Kl03N5OvbXCueVFdaq
210,lpowter5t,talp5t@princeton.edu,$2a$04$8BYJxPv2Hyx2hYf37Dp0aeBVVQQs44dTV6hI1EZ1zy6gmnyseoiQy
211,ghuguenet5u,eparlott5u@bbc.co.uk,$2a$04$23nHmWcQhKrVIJDLlY4vU.V3dCAz3OQQrAIgllRonbDJmnUhcshTe
212,lmaccollom5v,dcryer5v@time.com,$2a$04$aNZAvaFWnhrawFXCGciNqO9q/95REL8kheA0ZwYyvr7yxzxSf6os6
213,dkosiada5w,adowding5w@weebly.com,$2a$04$yxcwmfjs8wRNPyQBXfJ21.d3m4aUrEJIM52FWIG0tZgmAjfRcFb7q
214,dcharnley5x,kyarranton5x@accuweather.com,$2a$04$gARB9d5Czi.OeGu8xB7bSu58tTpZ6Nv59x2xteop2gmSH3H.flAAC
215,bmainz5y,ccaswall5y@walmart.com,$2a$04$IP7lnWUYvfjY3b8Kvd0rzuEG4lID0pFCCy83fLQMbVkSpjSFCjiXO
216,mpinwill5z,cspittall5z@si.edu,$2a$04$CjuiwOSfRHMowdF/tJ2LFe9ibNr90EgWEhOkcFWhy3rTcEbgxJmmm
217,hfilewood60,sclemits60@wsj.com,$2a$04$X.9wxicc0Fc/giM.QdpDuO.K5nNs/JIKkn8dm.WLs6xE.UNRkvKBq
218,ybauduccio61,mreaper61@cisco.com,$2a$04$8fqCBsJAGWb.3BPGeJlgMOaQjH.yJ.Z7u20aHKK5alwWDo90jruhC
219,jshilston62,mwelbelove62@squidoo.com,$2a$04$xBB60LtIW6b.wYKes7Vjp.D0WZk4yRM5hHy6oh6GRqqB.OAvaHwju
220,cknutsen63,fharriman63@infoseek.co.jp,$2a$04$3aOb2b09g7chhPYpEP8Fk.1DiCm.ZSNvIZ6UvxHP24ugJUoE2ACFK
221,yocklin64,mnorvel64@hp.com,$2a$04$A5LlMnJh0l02fWkYLclNCOvF1se3lzvrCrd8k1RiUym7/n3WLjOHO
222,ascudamore65,ahutchason65@blogs.com,$2a$04$zoB2P0AFQiX7F4nbXjH/UO4ciQ3uIuQOQNz6EEnc5UKsagXbSza1y
223,arubinshtein66,clynagh66@nature.com,$2a$04$hBlHINFwXXOKw0tismZFY.QkQxJFraUkcOzZ3iRnfaXyTY4jgLpoe
224,bould67,cbingley67@bbc.co.uk,$2a$04$pwr1Gl3tkuxaOVFb7HZTZOlcVLT2Pcvf2lM27pao0b1fWN3kS67yK
225,bfoucard68,mdymoke68@forbes.com,$2a$04$OS1Ge2Qu2Lr3THeJsKkbie2n.dFVJolmTRQqWy9dpamJ.nl2py7L6
226,fjeavons69,ebendig69@mapquest.com,$2a$04$fwAEd8OqtPOuBm9.H9oSgeu/7Z429zCDCEeXIAMDKAA4.bqXN6t.K
227,pcofax6a,cfortun6a@netscape.com,$2a$04$pIvAVCrSoMT8EztJ8fX8H.Wypwb66Ig/xhJu9I6MqM6ziGJ/MKrS6
228,woxby6b,lpicot6b@latimes.com,$2a$04$dnVmIoD3IuMJuO.zQ/nOr.xvG2EM9n3.IOyxkVP2ZhH6gAyr6Scf2
229,jgammon6c,cwhittick6c@eventbrite.com,$2a$04$I38/Pkz9ijWX/1Nn/AytCeE0stIjmYA4BdpiM0bPnMDWdMadROs6O
230,kstanesby6d,mfinlator6d@shutterfly.com,$2a$04$3QjBJtDVopitwSPWiptZ2ONwLcCxKYfzLLETDC8N33FsgWWOxR2zO
231,fkewish6e,nhablet6e@sciencedirect.com,$2a$04$rwVqsu4t8Poa7oL5BMSo4.9FaB0bCwG/jWyw4ER0/ipguyJdxRz0i
232,wlongshaw6f,eitzcovichch6f@google.com.au,$2a$04$oW.nJvo8xbjjydsMOqigQ.iFRkBsyIZ3FH2DstlKPrJiVV8St1GhS
233,dninotti6g,ibreukelman6g@sakura.ne.jp,$2a$04$dlp30Mc5Pmmq4amk96W9bebh98AmamYFNPbD4mCijH0bQ/s7r1w8a
234,cdodge6h,rlittlejohn6h@cnbc.com,$2a$04$QSxuyBbI9yijmjO5DbSDHOsadNL.UuMdzwREt74v4PtQhV2C3eL5q
235,ldufton6i,loram6i@woothemes.com,$2a$04$fqkp4iex1yZ52i.7pmvrxeohFjzj5PO0vfiGfvjvMPogfpWn.l8F6
236,flillo6j,dgrinaugh6j@wired.com,$2a$04$09ZPaBBsHMWztAtG4tm4lOU2humDy5Oj1Jvpol03dUbO6.rcnDk7u
237,aedwin6k,ndudney6k@dailymotion.com,$2a$04$cVCrZ08AyQjFGV.QJKt1guChByj1JRNSHkXfHzPs8/9iFD1WRrgam
238,egunn6l,gcondon6l@imageshack.us,$2a$04$0Wo5djXw.DqAH0CHpoGMruX8BKbuZvuYtKe9PsK4DLUsvCVdfdVQe
239,sjinkins6m,lboissieux6m@indiatimes.com,$2a$04$MTSs3kMQmqiKoulambGftOevlx8Ty3y5YECB/xNuhrDenKzNqBjTK
240,ckiln6n,dbelly6n@hostgator.com,$2a$04$X4Sj0aYejhAJhIs0noTk0.6wXQNe7M4kqolCDwNw6CmFuBYefp59K
241,ktaphouse6o,rgrigori6o@eventbrite.com,$2a$04$h3hyuxXn9F5x8Etcswzaauca3rVzR4VFrnO4GGT8F9nq6NriZcf7K
242,ihauch6p,dmackee6p@va.gov,$2a$04$nzCOjG.KOvBEDgmP/dF8luP7/qIX6pQF5/evY1/KvtiH2Va6VKZLS
243,oburne6q,acaveau6q@nifty.com,$2a$04$90NfCGQ04akBHzfnOkvTcOkD7OYdTsNXTxh/FFz9XJ7PTRipf243O
244,tutley6r,ggadsdon6r@unc.edu,$2a$04$k4ak40veYBhHl4mXHrAxyuf.glRRTdWFDFOKMD7Vf/O1t.t6VqmRS
245,vplewright6s,lklaassens6s@pen.io,$2a$04$6xp9W8gF.fAOtd463OQ7y.N6aFKpzCOOOL6yz2Lr4KJcQic//rEmq
246,rgrand6t,mmabley6t@dyndns.org,$2a$04$BcS60MJC7dT64GUSAk572eYKipW9E3tEOls4ex2wJ1iEAq0qq4QAa
247,vperrott6u,jkingsmill6u@mapy.cz,$2a$04$8I5moSLXZlMmdyGopl8OkuE8ODv929zhTbf20PizE6lB72XdsWTF6
248,bpiccop6v,amatheson6v@webnode.com,$2a$04$SEfTZrTdgrJ0GtvPl8LoJu0.OEJYlgtdOVK/po1fZ/qB.lNv2HWsy
249,salmak6w,msalisbury6w@yahoo.com,$2a$04$0lU37CB8lk4L3.nRK7G87uKcAM2H6Av/WukdV3LUBrROsZ.GygpSm
250,rvanderhoeven6x,mvalentetti6x@berkeley.edu,$2a$04$zd2vhlpi/JVUt//qAVSsMeG9BUwrc7bXeC2VaZ/BFLrHjKmerJ8/C
251,ccowap6y,dmoncreiffe6y@macromedia.com,$2a$04$8H5qQjY4DHGz9vPqCjNMfOBXUj0ntYNhSEMo3CSYcvGHoZkLgf4Ra
252,mguilloux6z,dpointin6z@gmpg.org,$2a$04$4dDvfbSYG11p/Vjz7A5Gme0NKaXQoGJ20QfSxV2U/Ojo0KFHNQUAW
253,nrosengarten70,bdayne70@amazon.co.jp,$2a$04$cOLwHx5tg2JKsSbAlwQEWOZ1EithoUq5pdjn9HHBJFmQbAhglMtbK
254,aeustis71,eschindler71@list-manage.com,$2a$04$OD9TbCYrgNbnm0sXx2Racusi4y/TLjRh8lRhTS0uUhqa3xILtmoXW
255,afirbanks72,gbayston72@apache.org,$2a$04$rasetwMR0WPO1Aj/8uSRbObXqWT352.pCZrX//USCqUe.i.0YzB.O
256,hmassei73,awoollett73@forbes.com,$2a$04$RD/hFLVvaMxzyLa2LCIEtee7SYHh3TwvSLZEazLjAQUBIVgTHTczm
257,rspencock74,gtedridge74@deliciousdays.com,$2a$04$QouY9kD84YYOjSAq1FO1.uNCttZ2hJ/0Cj2m64Wk5/NoLiBL9/.w6
258,ahaughton75,fborsi75@ycombinator.com,$2a$04$r8YHBRQRUDmqYDMeJOitLuLcYgPgFU3W6WWy4qyvrAoeJ.pCCPPMK
259,cheymann76,egobel76@arstechnica.com,$2a$04$aS/Ce4YQoL.Bb0IgmL73..Ubp5.9DfGLdWe6ZOkAYd9RssC1Gv47C
260,fsillis77,aeitter77@home.pl,$2a$04$hgS/S369RC.5806o58.hP.xV0JVU3eYKHWXFVg9Af2qewUbyoksMq
261,lhalton78,ceckford78@jimdo.com,$2a$04$FOZNvAbcsaZ7Zn8v8cIVVOstvcoYi0XeqeU4CrTxSSK19CZjngPN2
262,rizhakov79,ihurles79@sciencedirect.com,$2a$04$3P4IUTHC9mYSWHAfcJH/2e1542CWBiMOVdjPAsCIyKzRzIUO1K8Ne
263,pgilkison7a,mbeckinsall7a@earthlink.net,$2a$04$cJ8IEkKw5lbJzB3wwehUWe2yD33gFREuzm972yuhe4vYcYyY44Wp6
264,escurr7b,fspino7b@addtoany.com,$2a$04$AXkK1Cws75nEMoVTRwVUqejFiNoWUPOjlZ6H4mVQsSHrFNoMvLi4i
265,bshinn7c,rpinches7c@uol.com.br,$2a$04$u6p6SUO60OPwqXGhXKPMkOEitOLXj3rF04MXQEB.EwSG0EusIfl4q
266,tmanzell7d,wsimoneschi7d@microsoft.com,$2a$04$sRgcwZc34Vj.TnywHJzrZO0bbzbJmn.F9m/YFrInBp4GBkNswkJvy
267,rfolland7e,nburwell7e@sohu.com,$2a$04$klmhzGWOn1/oMn3Kt0q57O/E178vxUT.JgAiIYS6SSQmLxkx/lamO
268,mmollison7f,tthain7f@ifeng.com,$2a$04$BZ8y5b7DacLzOj1Mz6LUieA.F0B7l3AiEAzOReUlzcnTrCQG.Rihq
269,mmitchelmore7g,cbooy7g@squidoo.com,$2a$04$peW6sOA09bmYLRhIpLjjZeC4kmNK36NYhJDqGw.TpHYYrqPkil94.
270,llevine7h,hmacconneely7h@cam.ac.uk,$2a$04$3OaE2gXZPmjPYBYHHTPv/.lS3oV/.gFqsstb4pWHt1LPpO9StR2..
271,pandriveau7i,amarchbank7i@nyu.edu,$2a$04$sqJ4vcPe4MBAuNYorMIHBuGregPEG/guvlYXgkkB.40F8O1tOp5d2
272,arumford7j,rhellier7j@mit.edu,$2a$04$Gqg/RUyIKaSUCoNUTDzB1e4XSZ6xqaeVUSqKQ6EwmVEXHyYcI1PZ.
273,dcarnalan7k,zthexton7k@creativecommons.org,$2a$04$41D5HNtBWlOb6.nmDWsTVO1kDJId3UvMq93CvJok3HT0Jnv5UrPfy
274,fdaverin7l,ajarville7l@answers.com,$2a$04$0nosBLKBsiPkEaJWP4D/s.9GOSet7/KBXaPGWcJF6ThBIWh6yXC4e
275,rlumber7m,smcgall7m@google.es,$2a$04$p6kTxqs0WTKdOxM9p5/eU.TmfRB41qbgUE6WbcXWkwBMdacwLJzq.
276,omabley7n,ividean7n@elegantthemes.com,$2a$04$jfg9Nkiol9dNPYI7HEq5buKevBfQ5eWFQuVtf3xsV417rMefsimHW
277,jbeade7o,zsugars7o@icio.us,$2a$04$lERiKS8T3moXErf0RUmOQO7n/9oNCD8rVKzwZ2iYar0/.v/jrQ0Tq
278,jcanedo7p,khilland7p@adobe.com,$2a$04$rc0a.6kcIv/wMWgEGnHDju7dt5NNln3015CeHdt8CvNadJYIXW30y
279,ngilpillan7q,rcrosseland7q@discovery.com,$2a$04$weUkkG7USUE5NgkDIa1IKuenxX3bUapwbAyx2PNomnCitZGGHrOju
280,cspurdens7r,gdibley7r@wisc.edu,$2a$04$bqP4gJTkSQOX0mOfp2BZT.9d7250LeLJs0/nlGMpHPHaC5KjpLpyG
281,heyckelbeck7s,bkoopman7s@creativecommons.org,$2a$04$mtvXhLTaxfZgvhBnZbSh7efdeIpfjWevUQZXNfOhknieoLDe/xQuG
282,bantonescu7t,azannetti7t@home.pl,$2a$04$/MoeDX/RCAWtp5Q6fm.ZnO5vB/xVe3KbMT2kVR/QUnAOWALs.Vumm
283,jtruesdale7u,ncloy7u@smugmug.com,$2a$04$f.fyHwURBdglSNR5GxDVt.z.KWrU7FYJ2SdSTlNPGh82OxxbbLttK
284,cissacov7v,mmaskall7v@mayoclinic.com,$2a$04$SG9lFSygdGKik.rjlmGglulDCZJVY.8sYOdO8Golanq6GQgXvN6FS
285,ccalendar7w,wrodders7w@dailymotion.com,$2a$04$5y6Gy9CP3zaOuWeeXpSj7uiJuH6RpvTPRb7HFEmvuFlALAW/TEOze
286,hstedmond7x,gtrevance7x@vistaprint.com,$2a$04$/WFwVGNGhutaQp/QqDcL/OyYWYpudtBe5.6KqI0BQ5jgu7Zv735Le
287,emcterlagh7y,lkidder7y@meetup.com,$2a$04$b1GFIG1RINhkVpHK7s6C9evpJghtnKw6nARMPv58zdRYXS1jVKg3K
288,mdilliston7z,nsier7z@yellowpages.com,$2a$04$xI72WEAJ4CKfgdN8rm2kQe.SQr5IeFCKfPyO5.Cl.RHqVw3ke0QoS
289,jedelheit80,hboniface80@prlog.org,$2a$04$M/F0HDRRIbbuKtYziWIY.ud2F3xNbikTlkxIOeSNpjcawcBpjKEnq
290,colerenshaw81,crhoddie81@bbc.co.uk,$2a$04$LF.ZDoGaffXMOdCvQxxq9uyhGZVUo4nYVEKRSTR7E5auWQdP0VWsG
291,wkubis82,jgiovannetti82@about.com,$2a$04$N5YFrpAHprgq3Qpw0QPF4uBPXDWxsTJkf/RHnjMQKuG6Elt31o4Lm
292,ljago83,rsvanini83@vkontakte.ru,$2a$04$iYF8oAnW9zX1t1eeHslb../4qP.HRVZO46Y7LuPATu8bSq7pTRh0C
293,mcaseley84,apeagrim84@irs.gov,$2a$04$cYYu/09Xv2nyiUVdgDs1o.9e0ZkISTREySL2Cgb2RZgAdUztDpONq
294,creside85,gleverton85@goo.ne.jp,$2a$04$or5AIsm9GoPj2h/XRyxWZ.f/ZXp/QOgwv4SV5gMVVES5bG30/jylO
295,qosgordby86,grein86@zimbio.com,$2a$04$fTtbyFrCae7xHiNF6JS4UeRtIz8CwA7EicvUEoT/2MvMnXMLDrRhO
296,mtosh87,hbernardini87@facebook.com,$2a$04$eRM.lb8pX5XLFDp9yI7Hxe9zQKX0nZG7RYcJRMHFm/SiG9tueQkuO
297,jveale88,vnoble88@ft.com,$2a$04$UBNvu0ECQy9BGuFLWWODru23deLOB7KnStIaAJjZqOtHt618yIhT2
298,ctosspell89,tlebbon89@squidoo.com,$2a$04$HGk555s61Rwvdqki7jv0TuEQK4LvFIMLTfWGNdSJ0AlnXdQJ3f1.S
299,rwakelin8a,dthistleton8a@indiegogo.com,$2a$04$M2CtgaPWiS3I4HQFSqowUu5YXoDQic2HFhbFlAo9SMVTTfZfciMay
300,ddani8b,dmandrier8b@ftc.gov,$2a$04$mIcNSQvzT.BeGv/h399mXOXDrwE0Rb7aud5dEbPH2nGrHmv.0Fe2W
301,bhawkins8c,ssurplice8c@cpanel.net,$2a$04$A0Y2Yk2BksRMOnqjO.S3B.W7NeCbV0DtMfwRkRZUhBEJTLDUWXzi.
302,egallaway8d,amaggiori8d@engadget.com,$2a$04$xTGU15ugo1VJNFN5kNpRZemOAvLC0imAEuPq70HbkTUh06ykXvMFe
303,jmoppett8e,slankham8e@wired.com,$2a$04$ZBwZT4.8E7F8yAiqkFcegOVQl3LCetE/wlOQ/gd0crNZSFz6FACy.
304,mcoltart8f,fbold8f@virginia.edu,$2a$04$7z5YG1Ay8IJaD01EMrxAyucMJg0lw/eV/q7zETnptsjssToYr8rKy
305,jost8g,cphlipon8g@eepurl.com,$2a$04$9Irj0mCkgBOAoaTpnmfbwO2G81L5HehLz8kb5wmIaXULOZ/GNSZf.
306,doscandall8h,rferrettino8h@comsenz.com,$2a$04$2.F1Byo6MHdgk/OXBHOU6.T592E0Iedwab/6vXdTlWHuFIfrIQFiG
307,fbartholomieu8i,lfears8i@home.pl,$2a$04$6IfxwFZhV9S/W5hDITNx7.Gb6uDxbYzzkgf2niJLmYuRDJbem7m42
308,bsturdgess8j,dtollit8j@nymag.com,$2a$04$jjtDxoEH5OvoImvT9Fo6luaSdL6FpeRpzhE5AVieDVq4Ry/f49l6e
309,edietz8k,cwiggans8k@nih.gov,$2a$04$pNFntmDmIonrK.YxG/nt9.jyxC1wkXRFZPQ7b4ifzPB5MOKfDTcWW
310,klourenco8l,rsheilds8l@nsw.gov.au,$2a$04$SVTNptHaoiq47aVdFw/sc.TvQr30RJYocw/w7xXTfGmOHzFuKEZMK
311,ikleanthous8m,emauvin8m@ning.com,$2a$04$wAmIo9Vh1K/ND8pj9a2csetVV3QKJ4Xyifitt4s4.UCXNN2MCEyae
312,teastam8n,oolley8n@icio.us,$2a$04$1LXthTdhU9P1cXrhET3VuOB1tnyzs09Q2asNUTiXmUxCM9.xNyTEG
313,bdark8o,dlamberto8o@cocolog-nifty.com,$2a$04$VKHvGrSSR/89rIB6fhTGj.EGqm0TEAYdmKKDlZQ34JmoTqPQppbFG
314,mtocher8p,rgrishukov8p@drupal.org,$2a$04$pQYMpmqFztexnMhqEiRu.e//1S6oKsDzQkf8zDa9gGh3a.5zDaqNm
315,ccleveley8q,uanscombe8q@moonfruit.com,$2a$04$ndl4QTkxBs4F9z7Zxzc.1OTon1b6U4KFt504W1myixqf6gVZ//aLO
316,cbysaker8r,cblamire8r@hatena.ne.jp,$2a$04$0l1kPaeIyflYMvdq20StC.7Y.2R/dKj/VUj3neRr7v6sp/C48ZAJS
317,bspikeings8s,gpoynter8s@jiathis.com,$2a$04$c3tj734RlySm1G75FRg9A.man/gUrRL6Yc6ib607WWS2eTUZXqR.S
318,csyddie8t,ldickman8t@bloglines.com,$2a$04$CKZ9PrOY82WqvovDLRUwZe1oeLM4Bx8v/s0N4lk2iQcWoMSs2diAm
319,yagneau8u,mklimushev8u@addtoany.com,$2a$04$hrTHzt8gzf.YCFzTkywkw.7APK2dQH/EUv6g9YhBsV53RkAzN/HW2
320,klees8v,lmathissen8v@mapquest.com,$2a$04$Wv5wF57LJfrmus5RpK9fDeRpyNCXsQaDKrhSJRndH1IFiP4zZghPS
321,cbrownsword8w,sgair8w@dailymotion.com,$2a$04$cnJ8mMoDQGrwjKDC4gORleaVsMUZ.w5roQVOKq1SYd3cBkq8m.QU.
322,gsinyard8x,tmangin8x@comsenz.com,$2a$04$rVQyVvIr8vSc185aIfXUUOlwPHZMErLnNzlotO02a0KEMe3sEtv9W
323,rvarty8y,cslot8y@parallels.com,$2a$04$g1xj0nWLQ391TNU6s/DOGONps7m5RvZ8d.fAM0PwPyhJz/sfCM19q
324,wbalme8z,dcanning8z@europa.eu,$2a$04$dZbrG8.Y3zMUojWjLunboujfj3aFYPog80lLgWyFzIMcmPjPU/G5K
325,santonnikov90,chardware90@csmonitor.com,$2a$04$6.1eMIG2EyVBXHg5grlbkOuBSV.Hs0c7oqXcf.JNtcREuElVaQUYu
326,bdrohane91,alevins91@springer.com,$2a$04$0PG4mCzfMWlPUOv5Q3gtDuM57/Y.mFem1iA9UCWpfia6M7QphDOzG
327,mayrton92,jlissett92@facebook.com,$2a$04$uVgTAfmuRWLPbc2pj7Hv7uUwVMhv9mR24l3v.MKAAL6hYDkHZcVPO
328,jhallum93,mboick93@usnews.com,$2a$04$j977IZtqTWaWGgR5NEh60uC0mZmml40Eipb7xg1HV6p8phfE90dTS
329,drosendorf94,mdowers94@dot.gov,$2a$04$syzS.FVR//tzSdOUHKUPSezt/sE0/I5fxFVf5softk5Ou8JQJD0xS
330,tkopps95,lgladding95@woothemes.com,$2a$04$KNZzCeF/3SRnXdg.oHkkoO9InDqSXemSRIP6e4znD6C.pqq3LlBSK
331,wgreger96,lsunner96@diigo.com,$2a$04$cgCf4vctEvufK1iDbQq.aeodnP..dKJ4AOURktntSNDTP.3JDGnam
332,myukhtin97,ssweet97@taobao.com,$2a$04$q6.QMCoUGveA4BRAsTYfDef.Ygm2nypx05vzLF6R7ErfkNJU9doti
333,pjaniak98,bhinemoor98@princeton.edu,$2a$04$l609q1jLCjv.T4IPG2wwZ.C3b7RwbF.nT0VEhdPMcUnmjDfb2TmXK
334,askellen99,mtownley99@nifty.com,$2a$04$QnBVaN98W1haNVEWFMzEUuqylJ9SZ0ElxCk7fuLNoaEyifGGUik..
335,htabart9a,fendecott9a@cocolog-nifty.com,$2a$04$iWqdnWZivtBByPHxTwN4d.U.1.Ibvp9/CBM8ha6iZhrUENV1YU3nC
336,rclark9b,cmarchant9b@spotify.com,$2a$04$76ynW.ScnmEAmkYtdTvou.wPJ42k7qlu6Qy3mCjb.7jLlGNvPhx96
337,meich9c,fbiaggi9c@digg.com,$2a$04$jWNOdHY08rkjcQ6htw.9beQn4pYr7/bxmAi9sVf7Myq.5V8T9YK7m
338,ahackelton9d,aashness9d@weebly.com,$2a$04$waNKtOXW7YIN7ElJaY345.vkYwvhW5niocMVu87lixJ0HeBMIbfjm
339,ekenningham9e,rklais9e@ask.com,$2a$04$TlHlRGoEnKrnFxHUt0m3HOgfCJRPLipRqH02yqpJ7UR7qKWnlZ5xK
340,cmanna9f,cryles9f@lulu.com,$2a$04$N.qgoBdw7U3ZiMAeWoGkSOETsgFVQZ7gCYwv0mG7BiwVpvhWVS6Ti
341,emckennan9g,cpoutress9g@jalbum.net,$2a$04$uY49.RlKmq4gFkVPmxbmjuqVv2J7ScCQ/Ls3x8qia.e4r9/RTWWv2
342,gkabisch9h,rgrannell9h@icq.com,$2a$04$WhTKVA.F5dJSy.j.jEgXBu7OzwHCS59bZN6ZsjKBlpLVr8A6kl20y
343,khanwright9i,hbellini9i@icq.com,$2a$04$ZB.OsEj3kvBTZZq3x8tiB..e9dX/iqOGVEvFOTWsW81psNcTtja2.
344,afone9j,kconor9j@jiathis.com,$2a$04$L8f.5SBUxSc70zZA9C5Ble53Vlui5kpEzmDnPN3x1ZTFrPIk9EswC
345,lroughsedge9k,cwelman9k@europa.eu,$2a$04$.ZUcMXV1FhouX6hWomwii.1WgEUFJhRNLQeYzuKt9GixAbji0ujzC
346,ehanscombe9l,stidder9l@unicef.org,$2a$04$xfWUcfxQQY9wdXMjUNV5nucnqxMkAnRLPZp480GwByo0sKhpOhgSS
347,ajeacop9m,okonmann9m@illinois.edu,$2a$04$LgHibOjepn4JuAbPNe9MjOXwTsehGgqklwuw9plyAtw1JEglRXULu
348,baspital9n,fbladder9n@google.es,$2a$04$Crb8aNeW/eUmhZflkBOWweyoj.CcmNPdaPBYrta9XLs/kepDK5CJK
349,mhollyard9o,kgodbehere9o@noaa.gov,$2a$04$W7D5Q8QmIPoBgMzKW1ae5.iGKA8lYsGtHCJZ/IMfCHrREkhhyYVfK
350,trojel9p,nmaden9p@mapy.cz,$2a$04$cR0JbQcYqzd3lx8MdKWRBOvSLqZT9nJ2z2vItXiCrP9HEe9mS1hse
351,olargen9q,cmacnab9q@slashdot.org,$2a$04$zmH1/47iEnmPsAhTfMlJ0O3tACCc1s18UokLrhBLNjgLps9BgmihC
352,cbreckon9r,jbartot9r@scribd.com,$2a$04$lORl7bCKUxhdynxQx4CECurjWo0NUHCU7z3zP6vH1x11r1/ThiQe.
353,flynett9s,jfraschetti9s@nps.gov,$2a$04$SYiRosRjIwaOdDZDIGaoee4UlyxqIWIP2SpjPi8Uat7PKMA2AFt06
354,mgiffaut9t,mromke9t@bandcamp.com,$2a$04$QFaYRB2natbgEnqKdo/N6.Z1lcSFD06t71wE7fDQHSJknqQ4/Rgau
355,cpowles9u,mcarville9u@1und1.de,$2a$04$cX3JF5al3GScob47Qi.wZeNetb/.Pq6Tip8A6fzFDgu5yYDqkww0i
356,cburtwell9v,ctwaite9v@reuters.com,$2a$04$dpPDQ.G12qrtDZxmf4xKieDIGntk433I7tb1i0skASQh6zAAYrrUS
357,gakhurst9w,hmacneice9w@blogspot.com,$2a$04$thxvAr7zdq8Hm1CODPJ1xOKuXePPW2aQKiRph1GwtCVMeUNtx/xDi
358,gredhead9x,cchalfant9x@columbia.edu,$2a$04$RFgQqcFT6MgnUwUDoGjTuOzlzPmwJ4B3D5wZ1rgL1voykjq.kD4jW
359,acuthill9y,rmackeever9y@newyorker.com,$2a$04$xs7l9HEycqFjKf3IMTgHPu6MOU9cS.SC1CEI90UzJyH6ngwIalcMe
360,rkryszka9z,qdimmer9z@about.me,$2a$04$pnQdnbJ.L.te.Hoj1qHOX.8vx7E9dbg.11acK1aPsKj8OU3TEKosy
361,kmcilhattona0,fwakera0@rediff.com,$2a$04$Vd.q8klQXqi2/K91yCJbROIN5Yzdu1sbMhdkbxcgP9vKunbsVqPl6
362,ocastellettia1,eglaistera1@scribd.com,$2a$04$GvEzhCZhrh2z8q5v3uzc7.0lhIMQ8Abng5E6jLKxXF1Dcotbgr4fG
363,pwandena2,bcastanosa2@blinklist.com,$2a$04$DA/oGG3sJyBHH6j7Fup3w.MHBdVLevX/fwyZcbTSjuEY.hJKfps0q
364,lcawsbya3,rabrahamsa3@washingtonpost.com,$2a$04$yqgHX7lZlXntKw0uMUrLJ.ZfXBI3oNK7srdNztaHmY0iMJ4a5f75.
365,crivelina4,zhectora4@pagesperso-orange.fr,$2a$04$ngPC4jJyrt7SNDeeHUHOGeMF9B5f0n5/ACQoY3zNR5G6daSYxaZ4S
366,dlabdena5,dchawnera5@deviantart.com,$2a$04$soQxt5mq4WgG5.y1Qu0ukO7Ow2749ys8mmWEcjNY5v9T3e.4sekFG
367,dtomczykiewicza6,thenkera6@istockphoto.com,$2a$04$6QqkIe1FT4T.zIhzCGDGxut1xMGlqmGutmfKX5CClUMPbJ/79GS0K
368,rmctrustya7,hgodfraya7@virginia.edu,$2a$04$ib5q8rjH/iRucSqSlDxXWugGWIbmTFXxnsM/Efz8CU/sezTdpobKq
369,pdodsona8,nrowburya8@posterous.com,$2a$04$JMUGEKIv78u/lXZv.qN7heGzOEffvJbPoyWAwAyC3z/M.IZjH2WLq
370,wcobleya9,gcamma9@bizjournals.com,$2a$04$tP.nGWT6OjFNOurwWN/MNuf2sVIA37ehdXqFiU20WKROT6X4s6nmW
371,lmacmechanaa,mcraisfordaa@tumblr.com,$2a$04$onuppzfQ/arwgGRAl4u4x.AJWZHv84/XUHixOcgGfAcoLlcBES/Xe
372,mfrearab,schitteyab@mtv.com,$2a$04$Jk/21leHIQ.OVV2otwhh3ed9wJbP9TeUYX8kNdtB1FoIefuc2lmju
373,drisbyac,kpenwrightac@tinypic.com,$2a$04$BCLKol.qPniUcPvfUkI3yu4ppiqUH6DlwOqwfYRtMe7QI652/.MAe
374,rdonnad,tmakenad@narod.ru,$2a$04$TjdG/u1aPzpQqaH8qIjO3OD6dyHdSjcImPbyrP1RQkF9E5RLJgRjq
375,mboundleyae,msolanoae@diigo.com,$2a$04$AGrm91L89Rb6u2SNbHqvZO2X0hOpEwpNLp.U8N3rQuuGNkuZ.3CAK
376,lscardaf,bguildaf@i2i.jp,$2a$04$vnhhdz.hXsskFW3p59k6IuJFfqpKxGaLxBAZCe651.T4fOKbUKdZy
377,vpraundlag,mbaurerichag@cnet.com,$2a$04$9J8tCuVAcmhHNZNUKQb2N.7e3aYbXMa5GDl/aj7tKmqFfEH2R.vDq
378,cdumingosah,afinneranah@engadget.com,$2a$04$p7Cc47qMPazIoBvoQAijeuFhsZYdPsbv4GP8qBt8i6RMNqqCrMMsC
379,dmacgloryai,tgunthorpeai@miibeian.gov.cn,$2a$04$m95E5s.mSHpqcy3N9SOEGOh/wEFhmBmUhTqF0xzxhNuKommvBnEC6
380,okleinmannaj,msoggaj@wix.com,$2a$04$Myl1uAhwLDS4DskyIzYQMuvc.3ipaVPOmWAJDlMrtmeeFPKypibem
381,jbearcockak,dsherborneak@si.edu,$2a$04$PLHpBt8BcrSPBmsMBG31buicp67dHgsTusY5nZqGGntBg4AsKf0OC
382,sdunsireal,sbarthelmeal@hibu.com,$2a$04$YKEDe5.IH2YELkc5jUF0Ies0AvprDJYnsmydLN.0ac6lIvgNK2d2e
383,dabramam,fstrewtheram@cpanel.net,$2a$04$AUfE140splkWffCj2m6hjuUAuFtlECMQelw7Wf3uAReklV.V1N6wa
384,zkyffinan,agarneran@scientificamerican.com,$2a$04$b.WSm4/nTBb.F7VZcnri/OWVb0e090hoo9St65wp1ZM9ancXZ1YKq
385,rtooherao,blitherlandao@oakley.com,$2a$04$/pBUONkAGrpQp099cmI9jexAFgemYTHEgbZrpn48zOlSbkry2GA7m
386,ccreswellap,nsmalleyap@goodreads.com,$2a$04$mrc5NWwQ7d5PBPLRMGkV2ufF.HtV7UCE3gn5EE.H4.uZXY.e1dZDK
387,dmaggiaq,omurnameaq@hexun.com,$2a$04$1OykpXqg8CKSbWE02qPhHuOfXHFBOfWMY./m9SNSnc8GYAJzFe2Ge
388,fellcockar,aethelstonar@about.com,$2a$04$wb1zZ9/tiEST6fExR9kOTufJgCKxLKV2HyfaWj8IFuibrfXUNh2Ma
389,kjanjusevicas,fmackettrickas@tiny.cc,$2a$04$GOnUdFvM0cscDFUP9n9dqO1xev700cMnBqJsp3ofwTqayCGswJjse
390,tnewisat,satlingat@princeton.edu,$2a$04$S7sEz1LFvdWK0P0XWTpHiO8fD3E9TZEmIWLQrb6gkeHV.Z8FnMqbK
391,mbuntingau,eallainau@globo.com,$2a$04$3gRip0LDXhL7EQ2oqmkPA.Ud1Z0R.oNqH/htQJ0Nxygo3p.E7Ncqi
392,tbielbyav,jrapinav@quantcast.com,$2a$04$cgQGMtAImx8O8ugFDaIodOMnGY7KUPkQrt.IFUJHUFka1hJlnzadq
393,kkeeneraw,agrichukhinaw@discuz.net,$2a$04$lRRJG5LG9gPzhyJjLc5pPeqNn7kyGevrWhKVjq4YsU0ymia0MVcYu
394,sgrammerax,sjullax@trellian.com,$2a$04$zSklHpmIl3q7YoV2cx70f./aYyfGMnto.RGSTVSroM1.yvFFMQFwy
395,jdadgeay,erosbothamay@upenn.edu,$2a$04$Zhm2RRbKCxYW3I/nDZ94Je/EqJMXodrXovp7kFFS4FwRc1wbAlqRG
396,mmcnalleyaz,agarmansaz@cbsnews.com,$2a$04$1LIaB.keywg2YnLN1Cc5aOjPkghXzSoh/WZbMgy1Ietbvs09S0.yi
397,mtuminib0,gakenheadb0@nydailynews.com,$2a$04$eni6VUno8YaShYylSx9yVO7iv4wZ18kMX/GS.AT9A6ty0Bg1Yl28.
398,mbygravesb1,jcregeenb1@alibaba.com,$2a$04$fG4iZCVFDHKwVkwoMCfKR.4yqmppjQVKKHPbbAEpUMIktr2sKpyYy
399,ebatteyb2,mbathamb2@list-manage.com,$2a$04$fPswNPRkToM92/20/dAy9.p6lGOGmkMsznMmRsRQIFbjM.YWx4XXq
400,tmillsonb3,akallb3@state.tx.us,$2a$04$5fXWvWQJ14X790x0UVtXg.VDJ1B8w5dkTStRmw2QJDi71/8AH.KZG
401,srodolfb4,rdesaurb4@ask.com,$2a$04$C3z3Mui.Z10Kkst42bonme8RIwXQEKNBDyO0/cpnBD0UsKxYRIggW
402,afarriarb5,tscotcherb5@tamu.edu,$2a$04$PLcxuel.JYsiEanFp1gi7OTYDthmimBMiHjs9kGMfLkUOJ3gc1Yr.
403,ltennantb6,ksharrockb6@deviantart.com,$2a$04$J9npbdU7iqU.qCPsjQ..0OYU09zn2tuaN3MbF14mAmrkD58iRjO8e
404,sankersb7,msavillb7@harvard.edu,$2a$04$Gus2lnXjuak5ONCKiHWVv.DCEt2yHBEST5LmTwiMTppXvb2liSAle
405,mibesonb8,nslineb8@google.ca,$2a$04$IJzy0vlk77Q7oxtGg3eSZeaAogD7Qoi3rCdmpnov9o7LmeYk/Zw9C
406,imeenehanb9,rclaworthb9@icio.us,$2a$04$oKKJwPXIZnLReBJ4XThAlO7OqDLfCVohAWNI9YVm/812BXS6Wo35S
407,fgarretba,gsherbornba@unc.edu,$2a$04$FV3b1qMwhi0kh4zzwWkx5uyYpict7VDCAeZJWfNGmR7mJH4DKHhhC
408,krobertsonbb,scoombebb@youtube.com,$2a$04$1TPU3n0Ax1T.nj0GZuygfucng2QEJFxHjfKjb4FS1l2IiS5FION6i
409,dmacvaughbc,mswantonbc@seattletimes.com,$2a$04$yINxoFs9N4KjgrFI0swKveM3XfKkyJD9qvY97EeIoH9CxSC4QSYti
410,aduddinbd,cpadburybd@reddit.com,$2a$04$6ZSeoVdhxe2jmG9xGdSaheXfQ/vNC3q9eRD7Q8tkV8I4KPJkWRfb2
411,melkinbe,grapperbe@fema.gov,$2a$04$3U55qP21/l2XSyMFDfx9i.fDYzjvwKWsNDG78LW.WFSN75v1ALt6.
412,ssappbf,btimlettbf@sfgate.com,$2a$04$9lkJ/g4BvjS.hz1u/dT7lear08.z2nCapwVuFFL2b35MHKGwW8W3W
413,ksalzbergbg,mkinkeadbg@clickbank.net,$2a$04$vNuPY7xj9DNb6G04xdvnG.dg/ZU2aQeMsivYM5FznM09pqVQoPFkG
414,hwhitlawbh,tjanceybh@google.com.hk,$2a$04$YQdYtn8AAAehKNMgDSkQ0.OShXW540dNEu7BIucMDX.hnRmbrNLiG
415,kdheninbi,acastanaresbi@oaic.gov.au,$2a$04$CoAAxTLHix2CHdlKjn7dc.2rP4Qc.ZxtmQjh6lnVzromjaqVkSTh6
416,lbushrodbj,tvanderbrugbj@usda.gov,$2a$04$JM.kMWoyMSbQL3d5roKEteGLnnO2ti0FtB86DC.PoU5Mr9L72joOm
417,lgalliebk,jtroppmannbk@nih.gov,$2a$04$YnLhPE15F24./BHmNsgtoeantZL3uELvwg0wvtORp49Ng2UAyGqlO
418,dgilroybl,aentisslebl@sina.com.cn,$2a$04$VXMiO0U8RFd9dfO7IfvKr.Ojbct1GVdS70hhZ5KDnI6CS8L67aTDe
419,cbalassibm,drathbournebm@cdc.gov,$2a$04$DczbDywnAScJJZ.nla6cSeBjRb41ke2PlrUNWrbrEPYDNF6aC733y
420,cspurierbn,ctulkbn@upenn.edu,$2a$04$nC.KwVpW50VRLN.9oGCn1Ot1SDvvd6CYId3ku9mpX7/9H7lLq79ym
421,cansleybo,sjoutapaitisbo@flickr.com,$2a$04$4NrItZ2njbv6Qs78UEprfeCcx2PNcl7ZT6PkOK6pDMoqs8AIf46QC
422,njacquemebp,acrosgrovebp@live.com,$2a$04$01FbLFzwzueNswtu/xoSTORTFWILWnBdj6v2vgJ7SoufPa6awDFAW
423,mlarchierbq,edooleybq@netvibes.com,$2a$04$f9SLLs1SGHecLl0d5UAUz.xL6onJxH4EyjZbg/iWCDF6MncrcTaSq
424,jribeybr,pstonebr@sciencedaily.com,$2a$04$.4ort9mKBXxnk9FmorBJ2ODejqLK62mmwi2UIoUBhHMt.pmblTEAa
425,mdillandbs,cswainstonbs@chron.com,$2a$04$NIV1lFRZyDjJpmtV1EiiYOoVs1h47Hh/fHRuyYtO7qFMi9R/VBLoO
426,jmcdermidbt,dhawkyensbt@washington.edu,$2a$04$av1bdCB75lA3VN.4Iszl8.neAsASN8P2qmaaHWU0X78py/WlYyxGO
427,wvasilchikovbu,vbrookesbu@walmart.com,$2a$04$yOUAblvH38ZzFo1dN8/J3.wpXm8Y2H4ozuHxXlrkdjW4CglCFzgn2
428,mhuntingbv,ffirksbv@eepurl.com,$2a$04$NODRpvM3iq/KLtcbXVkYXeB68aHPdpJCv/jEI4TGQE7bqYcZAruGy
429,kdankovbw,hairtonbw@dot.gov,$2a$04$MRAaUp2mz1R8rqt0tLlSv.SC0GAJH.cRfKfG7eAsNVet6qXbMeG02
430,tdcostabx,klampettbx@chronoengine.com,$2a$04$6lfwfAIQsYx7DDRHEC/iG.UVRA3bFFRvxEjeOORIXhCSNSC8yidhu
431,dhowtonby,clightningby@163.com,$2a$04$ABwcaw.bmBgYouVWHTGWzOMOq.O7LIuI3LThJ72.iqZyb3jMthWeO
432,skohterbz,obeebybz@google.com.hk,$2a$04$gbKq2A1xl2o07UBHmHxwSe4ZSBCbBzFesyCLtAlLXYIdrDH9nmGVC
433,tmelbournec0,chicklingbottomc0@jugem.jp,$2a$04$efEn4tGT0EyAJy2klbzfZeb7BSGNn01oYsdbXRj9Q2w5u0sotQTza
434,fbarlasc1,lgrabbamc1@boston.com,$2a$04$DLtEzR0xSlAYIIbvpNPlOeK3AaLfF/XtiJJWYgmdze0rSC7jRK.Nq
435,dpillmanc2,rkermittc2@tmall.com,$2a$04$3Qn9cNhN5W7TGmFNi9mDoO5iuCfJ8LmTWTWwGIWKtKIfiVbRE.WQq
436,rmartinelloc3,abassonc3@cbc.ca,$2a$04$lyS9UBWDKwlLz9AI3TmtxeYC1hEsBlnu7Hmp0ZMqpIJJr0lUcLJnW
437,rrennocksc4,rsylettc4@zimbio.com,$2a$04$dmkA3r2i6aFRJfkUT7mExOSDq3/yeRHu3zWu1oxTaHyHBFGoAZBFW
438,dsafhillc5,amcnaec5@paypal.com,$2a$04$3TV40MfPlIa39UbsRDG5MuhglsW7QFamZCBXm0/e4XsZxT2HWkzRe
439,rmckennanc6,bbabbec6@ovh.net,$2a$04$dswnDPoOivECzeEV15efrOE1.eBo5vlOzRqr0amB13YqP8Zb0LnEu
440,bedisonc7,lzanettinic7@360.cn,$2a$04$eipUa5M2z5h/WuYeOS4kfOitwAmPAlGg0II8lXrhN7xaThEZLXGCG
441,rbozierc8,lrosenfelderc8@infoseek.co.jp,$2a$04$EQ/Kg6nUAtm1QaKtL7f45Or2LcvppT7ZkL7AZU5L70bUxNFoKWP9y
442,mlilleec9,bpocockc9@unicef.org,$2a$04$SMh8ta5ExwKHxL4qBSwzkeDJQJrgXwrkXPaHsO27WitOrqi12VLKC
443,dpealingca,eroughsedgeca@arstechnica.com,$2a$04$kIBTptTCmEiED9vp1Tnd2uE9xN89TSmS0cGpUQb/1HgPOKbpyWufG
444,ajuszczykcb,alacecb@aol.com,$2a$04$u9o4nITnfJuy0RIvO.5XQ.dz3mGT5gh3X97Se188.hZJSjCPCIxYS
445,bhalvorsencc,aklulikcc@surveymonkey.com,$2a$04$EFTCHxa7NQUwhxUPz7VXJOPFCc9gK/NbZNqvrSxfx1avV4W3bX9GK
446,edettmarcd,cmatyashevcd@cbsnews.com,$2a$04$r2su066oIRXtgyakHjxesuUxOmLETjU.iC8b6MfDYRtQMkQ30GpfK
447,prevance,abastince@tiny.cc,$2a$04$c6R5Ekjlg4b6jJRhhFsBVeByV36GhFRPx1fx7I6LaE9JixlTjnmH2
448,bmillecf,dcosbeecf@people.com.cn,$2a$04$Fl0U91Kvtv5qeMriWwp1uezscuppEtDSfEc5hWhgQHlSywd4YuKuS
449,tfontenotcg,gtoffanellicg@seattletimes.com,$2a$04$.1jNN5bWDKrvte2GSV1eoOKWxgpDxZlkTqjucyKYpRsGP446sChg6
450,araddanch,aarmigerch@fotki.com,$2a$04$mQHv/8XK1AAJ1jdxf6FqyObNHTHzSxD8/4crKqopRrFjBVXJ55mkG
451,brotheryci,ndoughtonci@imgur.com,$2a$04$mWY4Hi2.vH7AllXFDDwLuOTp7HWsTHgoTxkzCa.fXLB./bhvLm1B.
452,owasielcj,hgoundrillcj@ehow.com,$2a$04$OAsCQ68dhTfw6n/4F7d8NenoyCUkh1nz2.bP8yoJUmE5UyfgVRSWi
453,pgourlieck,kzaniolettick@fastcompany.com,$2a$04$Y/XTFzcur80ecQwIcFesn.vEEby180PvMWpas8aWX8ERDudB0r84a
454,msnowballcl,cmessittcl@deviantart.com,$2a$04$.TCmdzChYeLsM4JW73Pj1.lvxqCMnCqPmLGfL4bLIT7oBj8ubOdeu
455,astidworthycm,pkelkcm@ebay.co.uk,$2a$04$iXJuZHjV6lpOMc27P9AqiuiUEQCP59Bn0otz8Hsd9/BChcPgRaLOy
456,bdemkocn,fchaundycn@linkedin.com,$2a$04$cvVX.tOpbvrinX8PJrwZJucBkb6.6pnl.lZymQf1E2tYOG9izoyc.
457,cbirbeckco,jbauduinco@redcross.org,$2a$04$cKTeHlajG9eo9GiGhbVLmOw0K9SLRCW5UWANC1NeGp6qIu/yLO5OW
458,edunlapcp,syarringtoncp@google.ca,$2a$04$fpfmB2krnsDQ3LpNTw4vSuqti1q7Q7TaLpIb8p2yAOdjl8IYK/WZK
459,aleatecq,rfairbournecq@over-blog.com,$2a$04$iQLwhjplEgQXv6cE6jVQ7eNl3TQUCD9H2/8gxabYDG840WNUVwfGi
460,irozzellcr,eferiacr@flavors.me,$2a$04$eEVdwsRKelVaIHFY3Vj27.FJCXu/f93qRsJhCkdJFuaD3P50Tm9kq
461,bmaccaugheycs,cpalacs@utexas.edu,$2a$04$y.gwO6NS.3BigVSOQCSHyOW0sM1xbIXTpceQ7UpW1.9WDOjTXKCQK
462,smcsporonct,pdevoyct@mac.com,$2a$04$WVlWbDyH1iJf01zeow9INuuSy6msSvsZeYiIJPiYIDciFtmsCto8q
463,adupreycu,awetherburncu@webs.com,$2a$04$zM6O1Ds8iyNDpQDoOneoruSDLaEDaOGNYJy/siOnqMjv/v8MWlpV.
464,lnorstercv,bmanwellcv@berkeley.edu,$2a$04$vWxvrnKnz2k6mU.RP9ar2ulnTHyYLzr.aQjN0AHazEfJGtDKB/ddq
465,jhatzcw,ryurchenkocw@surveymonkey.com,$2a$04$H.pz7xTWForwTTJyttRqduB9xpQWTbf.wIp/pZLph9khVEGsmlMc6
466,pdahlbackcx,imadgecx@lycos.com,$2a$04$x1L.kSACCZ4B5B8443KKyuuaMgQjcj4de75nvd/8xKiU9uEUM3n5W
467,nreahcy,enattecy@pcworld.com,$2a$04$uUqjpvriipieZjAsfJRb6uBUVIX07SX6jzAJO.lRhZZxJQHmMP3/W
468,vsmallthwaitecz,eliversagecz@opensource.org,$2a$04$ySOhHg0bpMDdRdjyhE0sT.RT6vRt4SNA0Vc4dDB3qKby79rvvov8O
469,dbleakmand0,lrapod0@forbes.com,$2a$04$JhXGd3nHEVoAy98aO5/Naee6D1y0N0Nl3Uk6cgMbqI0ubCCQmRvDe
470,anestorukd1,candrejsd1@sphinn.com,$2a$04$sbgoBAmgQYLxCrsqBgycV.xdG8mnfcvQPVB1PJTXYxDvyQkrVfCIe
471,gbladderd2,asummergilld2@mysql.com,$2a$04$mynYV7sz.QRF4f4Z/QV7o.SKbvYYnTr/bOt/O0rN/NJ33ciIBBFvC
472,mkernard3,dlowind3@timesonline.co.uk,$2a$04$lfX/Iz.Hk/E2zRANJWQsvulpr1Zf.jdEGaFj9yWyVirPsl5Ntiy9u
473,gshotboltd4,ledgingtond4@cafepress.com,$2a$04$xdwS3LwhpgP72EGiS5ifc.MRiVutPz8A6fACIhgIVhuKt7cHeN0uq
474,lgilkisond5,ccartmerd5@apple.com,$2a$04$L79B.xtBH8XF.eD9xr0yWepiUL3F6tgncg6atV4/fTRWP4GfMzDTK
475,massirattid6,jwillmontd6@twitter.com,$2a$04$V.T/Uzg/.goqDGkE2vqFjean4DleESIMJJNU51RWfWGFz9O7KRTIe
476,ssemand7,hmaccardd7@npr.org,$2a$04$uvVRj7zjDxTJ7YFGy4/Th.SFyuHkkYeAXUk4GsanAcGzylkWAho5K
477,jmorseyd8,jniavesd8@symantec.com,$2a$04$B0GbVOKsMBAw2NFbDb26murczV/EzhYD9DDWF20TR6xic2qX.vit6
478,bbettamd9,bhugnind9@google.ru,$2a$04$DnkbIqk35Irh.k0d8KD0ceWKPSYN.NxlpzSUqYwPRFR3QW8avA9dq
479,qokida,kderobertda@uiuc.edu,$2a$04$/f6OXAw.Ag.teJC6rKBu8OJlKnKXMikEyUAbiSSSeTUgTI434aIW.
480,ajeanneaudb,ecallowaydb@mysql.com,$2a$04$09u6vj4Yzrk0V4a7WjvhzuZRGFSXbdN4jOqOCzi6Nv3EaK5ebxAtq
481,bhavilledc,jbaldinottidc@google.es,$2a$04$AGSeYLOioE9EwcRtJ9s4Z.vQC5w/9y5D0LFFIIErZnhxOClgBnDJO
482,ghinkensdd,rcallowdd@msu.edu,$2a$04$7761hU6mbIEx2C8sxX2V/OifOBNNjsiVDkQ3ZhXjm3pnLalH8iD9m
483,ebaggde,tfokerde@imgur.com,$2a$04$AKfeuu71sSN5wkNwm.vxYu.f17QpYRL/sOVPKZ7uqMLdRPI0gl.RO
484,hbolderstonedf,cmattendf@eventbrite.com,$2a$04$IHO2GJQijrhWMBh6U21SOOaVi3UvK7jXoim6TmzYBQYiYBljcEPsC
485,jclampdg,nhaggithdg@furl.net,$2a$04$FE2jq5WkM29wik.0X6Y1IemU3/7mG20JrGP1fQECa1YFFfYKV/BSi
486,gwelsbydh,hblackborodh@instagram.com,$2a$04$SXDsq4eMwpXZWHPmGipUGeNIhXqnv7PqvuX74nz27t5fn7hzQYv9K
487,spietersdi,tjeanesdi@irs.gov,$2a$04$YjxcRpRa5uj19ElLP6FLM.ggDAsZmx6F/e8gj9WARoAqFizfHOpuK
488,akhadirdj,cheinschkedj@ebay.com,$2a$04$LaoDptdOJGFVEaXgtc2SguZwOSI5Ios1eNhX5gcPI16I1Ql9DMJ72
489,bcronkdk,scescottidk@drupal.org,$2a$04$nSB0ohPVaWjF8xPwFHOnmO/b9n5Qwmqe69847ifZWyzyUsdV25Mxa
490,hmumdl,gkapelhoffdl@sohu.com,$2a$04$Dl6UFFYDEVi/lEkL.84Df.u9f1HapneTNUS3FGdpjZiZN3Z1uUHru
491,dsimionedm,lseedm@studiopress.com,$2a$04$47cEzi1J8rm32glOCpYxnejRd5MS0hugln54FbRr3sSCT/zMFz4da
492,weliondn,tkendaldn@dot.gov,$2a$04$TrMgJwvvaneIpkVcL4/lle1ze02BUqAeueZJ0.RFmwllv44zziQkG
493,pjermydo,owhardleydo@bizjournals.com,$2a$04$Axcb0vzBiCuEiSbE7Ivn9.51Br4LE9N1wA0y6ALH3rXbXKBdCEAMi
494,gruslingdp,fmorigandp@mashable.com,$2a$04$D5gdj1NwQpKS3NMshaNpYeBDhyXZTzXvR8j6kNT0z0S5QzIev.Sle
495,mwhatsondq,gconquestdq@gmpg.org,$2a$04$uq6VJJ/ilqTWPXtRYlHT8eoeiV3dbObpMqCsaGY0J/o48aI0Vuzuq
496,rlogesdr,dsherrockdr@ebay.com,$2a$04$Lcd2MJTWYDDT3COXBJ49U.0h1nYNaDS7jV3G6XqDrpzwcxonoEKXm
497,jenzleyds,garlowds@marketwatch.com,$2a$04$kYd/2rU2.WacrMEYT4ypkepQekcLR.mF/DAd7ifeyyZ.Hz.Gykp9C
498,jgodierdt,bculkindt@instagram.com,$2a$04$L6HfB2ZR.4UC.bkn9nB90e4jrlujoVLBldQA5VQPuOzJuNF8C8gey
499,lheightdu,mbusseydu@howstuffworks.com,$2a$04$p.Bku/CbsJ1l2RqsDNkzB.MNbepwoMLnqaoaA60z1cqwxqwhlVS7W
500,agriffithedv,sbechleydv@nature.com,$2a$04$sbraIBRqBZFFWxkDeXLtEeQiGwa0UxKBoQ/5JQZii4zM2jUlvhB2G
501,eothickdw,adavydzenkodw@tinypic.com,$2a$04$G1a5JHeFNV1lyTctIm63xOLYaLqKAIcZf/BDMVNtXuycK35p/xAQS
502,sabsondx,cgaitleydx@seattletimes.com,$2a$04$pNxYTDwwmfle/G885TEvieBXPCb5n9.LCAkdlgya997e4YhZMzg1a
503,hsellardy,dokeevandy@slashdot.org,$2a$04$91InNSi.cRdbbQ/ayH6.KumZLes6b9QVU2Q6HFXTxyIWibO6XDwVa
504,bcoildz,doshirinedz@multiply.com,$2a$04$j8OBtQxfOr5Aj7CzQOyOCOzeQ3gEE3pTIGCq6HHgrlh7gsXW.SB/K
505,hcaveye0,yduesberrye0@taobao.com,$2a$04$YEaIEJXNpI4VdTaP.BW.2e1.xrbffG0PJOEsOFVGC0Mbe19JtJO..
506,ihaguee1,mfairbridgee1@bandcamp.com,$2a$04$MIsqAM1kbZn.NPcQnJ/A6uu2n6YxcnxvlBLK7IC2bWbfwqpZZiGhy
507,jbacupe2,cohagane2@cornell.edu,$2a$04$J.ZFkdzSchtFh7qDLjfQ/e7A.vTErWI8n0wcHOjF9f8B8zS0Gg9ja
508,dwinscume3,nkosee3@businesswire.com,$2a$04$ZvDIkGr3a0toXz0MyoMPVOskbhA0utzzv4E0qtDk6BMeSdmr3cPNy
509,kcordiee4,mmccartye4@cbc.ca,$2a$04$cP8oApVxb2McBkfatgA5Mejy.h3FO6NhnjZH1ydqW.sD0D01sTAM2
510,wmadisone5,boldeye5@gizmodo.com,$2a$04$6Uw22gGpReH1sSlKgmTI/u.J6ZgxX9mojvfLhV6js6nI/3jWplwJ.
511,amurbye6,gmansforde6@npr.org,$2a$04$zsLqOhFLPwN.E/kVdMONGukF2kTt79/PdjzPcJ8HSJwmF1d/t0jly
512,gquiddintone7,fpasticznyke7@nyu.edu,$2a$04$EmO4J1ZZ6r8JvEHp3GpPzOFfWHBm9TGRTuSLqFBNJAduOI4UNG8Eu
513,tflorentinee8,rrumblee8@squarespace.com,$2a$04$3FOXURIP64Gla0r3wMT1D.a3/NJS54hfmz9flWowGIgRDB/SPAKSu
514,gcharpine9,wburrise9@people.com.cn,$2a$04$nkQqfDt88PsF817b8bIDr.s9D9Q4M9PoTC7GXu4jx9T.U5MDFEaWK
515,wruleea,rwheelanea@g.co,$2a$04$RVa3juyT7rcNe9auWc51YedGQbrBKA5CYZAkSVV2JpQ1zpVqLXNp2
516,hbaylisseb,wlowsoneb@howstuffworks.com,$2a$04$giAN5ZNz.BASSm9HO406HuJKAvT/a1YJg2ui9RPuiqJ2q2.eD1VmG
517,aforrestec,jmccrackanec@senate.gov,$2a$04$669glT9FMWyKtDv7nsb2vOYCyldZcPltbVp7qGaQsz7pv0XVha6.u
518,acoltaned,khospitaled@senate.gov,$2a$04$MVZP.V4CTDUjOTRQrp.XO.YJ1zaCnljojJamUG50ZWWEOFd1FUD4W
519,hmarchisoee,sskillingsee@nymag.com,$2a$04$yGFADpGUIk7rUPiMHtfBgu0crnTYDRDeyTutoiUTmB6qiZO.4WK3C
520,rpiesingef,ppoteef@ibm.com,$2a$04$tmrfQ7NkFiXZXLmfsW975OIjrjcK4fO0Hk15kXg7YNgiT6T1PTgCy
521,etomekeg,rseabrookeeg@toplist.cz,$2a$04$x9Nj6e1u1nO6ndCxvWowBuTfeBvEuYKycNPcWD5G9RQeDyB1DuVka
522,cantoniewskieh,agavrielieh@princeton.edu,$2a$04$deioee9jbvCS2Lqz78oPleW9C.grf/MGdY86URw7P2TU6f/FFMAQy
523,grapleyei,mschruyerei@admin.ch,$2a$04$HxWk1n3xUbY/K.zgujNageYRQaq0RnJ1RA2REce9n3b/X3wsh.C32
524,nhoylandej,jbaptyej@soundcloud.com,$2a$04$1cNijHxhB/ILKLZLj3IcROM0rItmsKv7G6AVh8AqxldfQJRn16km2
525,nsimanenkoek,eharrimanek@macromedia.com,$2a$04$9n.MMEDMfrMtnyqeWyjXQuC.NThRuAYlA.BgpBGL6guU04RoTijK2
526,ndielhennel,bsheringhamel@senate.gov,$2a$04$s6Rl2lr5tE3CXwIgXkbm9uPiM4a7HwZqEioHoc0DAp8IwKVcfEhbm
527,rmassardem,vfairbanksem@ibm.com,$2a$04$5uATYUhXdjb/Tafm2YLncexFbnuAQ8UWuyXfbhR12WAryPWB17wq6
528,bbrennenstuhlen,mbidgooden@amazon.de,$2a$04$NGjbo2.NcFMXrVQNMkZmae7oIRk5Zvhn0xOm0rY5cFAYd0eEOfjFi
529,hbesteo,amcwilliameo@uol.com.br,$2a$04$0MSpWRciEDTVS9J.s0n4TO41i4WG8ZHLAUN0t/1l8p8CncvwMK5XK
530,alehrahanep,mredishep@google.ru,$2a$04$GRlum.UZHBdq7nmonEpJB.lxwvfx1jopgFrsPf6iSbqxFYzXlhG2.
531,knodeneq,tpringleyeq@salon.com,$2a$04$q7hVjhY23O49V4PxzKM2EOkj9l8g2RhSdTc11jzjIIT.egoDod0/W
532,fmaunseller,jvonhindenburger@hibu.com,$2a$04$AloyEFAdV9Fldn9gQsTFoOs5d6h20f5HMsynSBcQ2vJ1Q3ld.zVyC
533,rslimanes,csessunses@gizmodo.com,$2a$04$qg1WKzthx8FCZ.7cnnfl2.fRCnaqVIeJL894LcJPuHh7q.1vciGXe
534,mshermoreet,mkeijseret@livejournal.com,$2a$04$UR.X2du6e6UQB2kcisFa0uWvTMOc/rpskQgSPqQEy/LCqpxzMLE/i
535,mslowcockeu,srhodeseu@chronoengine.com,$2a$04$vj0.AvjI1j9LbPgGG0gBn.MDr56JVrsciRtqxGcskNaGQWCEUZfJm
536,ominghellaev,trubertiev@technorati.com,$2a$04$hHhvIjOK2X.9Jg3ao/xFium3lRZjsLkdgjLFBFerOTAB6hlYVop1W
537,minkerew,cworrallew@walmart.com,$2a$04$ZNip/UC5cbhQVZ3XRgqcru1DbtIuwRuVTALyzzuCEcddml3F37Bpm
538,mcullonex,jscuttsex@blogger.com,$2a$04$2xANjRhtz1zwfUizU4tSz.n3OaTnkbZWMUuw3VcyjOq/vV77R7gQ.
539,wbatcockey,apontey@msu.edu,$2a$04$Oon.yzZ7oymVXYkdv0M7U.Bruo3yr.gg2SsS8AtJCRWHlfTWYKBt6
540,bsmithersez,iwhittersez@theatlantic.com,$2a$04$douzBeSArFlhqZXxS/SwBOMe4CTr5eA3F3Rgd..gTU7QAAGfpddiG
541,rchastangf0,sreadyf0@redcross.org,$2a$04$mWkGBkO6JqoQlRTPz//AL.qDdRee8NPirFrW70O2L08dFd1qS6J6K
542,abimrosef1,sbrennekef1@ameblo.jp,$2a$04$CBwU0PWLGC5.qmunsdp6oevUHa2H1G9cF6ZhUfI7sIXDj5PSP7aAm
543,lsteningf2,jmartynsf2@parallels.com,$2a$04$KuYDw0JoO56Mi90f3aKhmOwEudq.umhVCBtVSgqyfrPTbMVJvNjXm
544,dgorryf3,mstanyardf3@phpbb.com,$2a$04$gcZVWdmjHxwQYx7LyjOso.dcN9NEWteftFSnpR6.g0yba.kK1NBg.
545,rmccrackenf4,jbadlandf4@seesaa.net,$2a$04$26Wo56mdFK5OqJ/2HOQaYO.RpIxRm3NylctQjFBpCJlCtrLtanTsW
546,qhetterichf5,pwyllisf5@seesaa.net,$2a$04$Ox/cv4I7DEGBvb9gSe.1S.8UQ5J8uOR0y1FyItYT18/i27hlx722y
547,ebarenskief6,kdaymontf6@goo.ne.jp,$2a$04$2NXl.GFgy.s7L2LWDJtxf.umIXE2aTiIRXw8lB0bvOeFu3bLMEIvW
548,mvarnesf7,iprynnef7@aol.com,$2a$04$GTVWQ37a3AIQoAIptAlNx.JBWF5/qTCPneFk9xB5VAlPCFH32Mj/G
549,dherculesonf8,mcranmeref8@joomla.org,$2a$04$Ddn5E5oP8LE0SHLLStTUr.ILAX0p0CIIhkpTGwNwDWu8oInt.fMP.
550,fnewtownf9,blardierf9@usda.gov,$2a$04$Ta9zXSWjqem8IySzi2Fgz.RpQaphf5cEmn5jzaNC5GkV8W5XGGrNe
551,dstucksburyfa,mpiddingtonfa@mac.com,$2a$04$kW/3sg2v2nwvEBwpt6B2n.7bZ3.zdLlvhaADE/zJOPAukJAjsuuBO
552,mruddlefb,kcreganfb@alibaba.com,$2a$04$E/AtDzAddG5h6g2aPeUgfus3vTMCwE73Sluf.X1FgnQPuCgu8C/T6
553,akenelinfc,bdugganfc@lulu.com,$2a$04$yZsMIi6UbfiocItDZd.8n.nIfBlhSWjqURCiPKkBk15MYUUHu9xYq
554,wpattinsonfd,jgrunguerfd@springer.com,$2a$04$tOEvSHtNd5dLdRShQHSDKub1xVOvxcVx5Iyn2gSvRWQvcGYAyNofu
555,mneilsonfe,bedgeleyfe@discovery.com,$2a$04$QNGnzPx7HeEFqE.dSv4dj.4TBaaiDmb261TcVLWbuXCongTV7XJey
556,mansellff,trajchertff@ox.ac.uk,$2a$04$b83Le/FemRUT9Xf2eGHBhOD5wbHhcqpUbqK9rsyqcja4ExNPz4MRe
557,pdeerrfg,rcharterfg@foxnews.com,$2a$04$tAQYjiIdTZHEhNefNsDnmemAqKPW34GXuQpV3zyxbU9vj4JVLusYq
558,nreapfh,gparfettfh@army.mil,$2a$04$007w8ncqSLA0A9VFtYA4COD0Qo.sbrJM2mhryv.NCvMdtzshWZ4EG
559,nbegbiefi,jillingworthfi@deliciousdays.com,$2a$04$XqcqPf7TMydYbdgjNN3KxOx3ShkrXH9pLu078ucKNdCSgelvZTNmC
560,rkrysztofowiczfj,csciussciettofj@typepad.com,$2a$04$b4InlICX2lbT7YmTmwTKN.07Y9nijdoyaskfPTKSo9A.1BAJskzbi
561,amathenfk,bandriesfk@themeforest.net,$2a$04$v2v8AQ6S8oKxvNcPV32xjOP06m1rLvDp24mG5Il.tbSP8eE6B70yW
562,acattowfl,fglascottfl@tinypic.com,$2a$04$ZkYGTR6VWM63iIV5l7zDnuFgbQQAvzKQ2KDrCwkrGjN05kQivPyoC
563,bgosneyfm,ewithurfm@indiatimes.com,$2a$04$DApJEQUvHOOfGfhF7SjLPu3JUdpMfZabhNSBy.8EO7wCF6El0Ql.G
564,apinnfn,rpetruskevichfn@elegantthemes.com,$2a$04$5qqLclCSZnGcEzUNWlrhG.Zhe6eb6GinmGqt87AvBBUZ6PPCvkwUi
565,ljumontfo,twatshamfo@vistaprint.com,$2a$04$YoLXD0nR2kf89j8c7OSth.QiJj3R/293.KO.7o1dMZBeMpUfG8OA6
566,smorantfp,ssedgwickfp@zimbio.com,$2a$04$SjbPGYWn.LFyTdgmWFkqN..yUwji6qnpNBotV9ZRm.FtQtqOXAPBW
567,dswaytonfq,wgoozeefq@wikispaces.com,$2a$04$jIHsbts/8CNCfWLDNWlpAudGJwZ3vVjKJ2J9YO.AgKnqPw5tWqtia
568,jskelhornfr,gschermefr@qq.com,$2a$04$WEvIqeYwf/LtAQ.6.5hT7O6MbPAOWg9e4noHjJ2wprkjg9FxmjW72
569,jferrottifs,dlehrmannfs@exblog.jp,$2a$04$UN0pYeLEjamvob8ZhCz0S.2Qr6MaZ3xUniCDHGKXCzPtSELWRA/XW
570,rkimbreyft,oheimannft@plala.or.jp,$2a$04$u0TiRGa2XRqWrIEDRNHcQeGOA91T7TDim4/KE5mzLycQ8iFrrmfLK
571,cmoffettfu,rbailefu@economist.com,$2a$04$JByXW9zjbEtEu0D0dwY7MeE3DdDLtWh.OJHnCLjt/b8/YTMB9fU/G
572,kdavidssonfv,imillingtonfv@unesco.org,$2a$04$gYBeIgcVGNLulEy7b0SKZeC5KhxLHR5CjTblgESteIuyxEp7wd5Ba
573,ccoulsonfw,cdirobertofw@wikipedia.org,$2a$04$nEDMghyxXQi8Nxr0JaKX.OF/R5AZAocTIvpu.IbwnJbLUqecaEsva
574,estogglesfx,rbarhemsfx@joomla.org,$2a$04$cUaOthROkq58pEsY66SQQuNYMGD5dRkBgOUMsXq0xJal21cKlGbqq
575,jwilloxfy,mtewkesberryfy@123-reg.co.uk,$2a$04$HVJvQ/OWVFtbLQRIYanPeOA9TJ0wnYpUr.lqhB2Rw0l8FqZENiv0.
576,mgrocuttfz,tsisleyfz@ifeng.com,$2a$04$/uExO8UMuRUxn4X/bneeXuDLnkf0OtWqcnwFhON8SWLBeYo7hJITe
577,cstachinig0,ilidingtong0@i2i.jp,$2a$04$KNBMtYru.bfgr3EXSzBMCOaGy33bK52Y3Hvhcs9HPFgAom5WRYxe2
578,mbloomg1,lkynetong1@amazon.com,$2a$04$RqZ7r.ipB1SQ6wJbbgRXfOjUmwu5I27XSCLRqjTVDyjP2p2KfWnty
579,hmarzellog2,rsandcroftg2@ow.ly,$2a$04$ThCNu7D7Ja8aouc3rejDxOqiFZfvUoN3hw00KMn/V6xIVm8ilF4ey
580,cdecruseg3,tparring3@cisco.com,$2a$04$vGUY527xjKbPnnhvdJAQeOxtvJ3.CjT87ZN4Aa4dX/ba8PKpDgy02
581,bbanisterg4,awillischg4@ovh.net,$2a$04$kfasl2pHRCDn93pBJXdrN.EF6sQ9aMceXL9MdCrnRSwKO3vX.GamO
582,diddiensg5,tverlindeng5@hugedomains.com,$2a$04$cqbG0zEIkgb2.nKrojeJj.g5B0BvbBQnJw1kW2irD5x9zJZHDa7J.
583,lcolegroveg6,pmessengerg6@washington.edu,$2a$04$zA3iB/RcKUbkR8Sb6lwxt.4fo.TEgfxmCMDJhCDKTe7tezGeB2EPq
584,pbernoletg7,emacgrayg7@businessinsider.com,$2a$04$nW4k3mSwiTcGriIhlemrWO40ud3qrJUgw4HO3WUKQfJ6zO81wI/5i
585,ashooterg8,wliddleg8@istockphoto.com,$2a$04$8Yoj2EE4TBORCeqMp8dkkOj7NpAuP4a1JOq/13Byl2PnDcY12brTe
586,alomisg9,akillickg9@ning.com,$2a$04$o5U9AMc6rd4BhDv369zs7OO3kgVoSSWiDXPuJeSDm99aRJKxWDIie
587,mrobertsenga,ggladstonega@hao123.com,$2a$04$5u4j9.935M93W4jl5v7i9uqz5aCVdgeAdr7RNw9zfqR/wvZ81WIhi
588,demenygb,bphilpotsgb@ftc.gov,$2a$04$yhzkxd5eWkAtuCGmKa5LLOkqZ0X02DFNqPPM0wI0fotzWwImNAoxS
589,corromgc,ndominkagc@marketwatch.com,$2a$04$zOu6/FexiMe5joqWjmahbO2WWRnCkhGx40NLKiltVFMfptoBfxoxy
590,gbroadburygd,psoutherangd@instagram.com,$2a$04$aZUp.YQxxzozgWG4lIuyvelrYW2JMpoQa7xFuFqA1m9HfyF6EZf9O
591,mfarringe,mmarrettge@oracle.com,$2a$04$SCslliFYEtvnM5PRntutZ.FvpQIcspqwWTZCoHR6tKLVoX9NWCtpi
592,htashgf,bpetrolgf@topsy.com,$2a$04$PNyC0nYGF7wLYms..cyHyeM3wP4CJ.i.hE5s2Ak1a4he8IWwzbNXe
593,lantushevgg,lscuffhamgg@rakuten.co.jp,$2a$04$O9JYGMl9X9QsdxkUjI2hX.9sKXEHCHDTdHGdgPlp9kpxtjZo1u2qq
594,ffarmiloegh,abertingh@purevolume.com,$2a$04$xSRgHI8H00JVVu///jOb0u8746t103ZJVVxN5SOnA92vTYCFyxWqW
595,rgainforthgi,lcawdellgi@go.com,$2a$04$xecdn5U3.k3Cjf9dcPNjcOuc8dhx8DPXooAa64qocUxZG42NJ6ZJm
596,egabbygj,jgartsydegj@adobe.com,$2a$04$CvnEN1Gjn9ZcOamyQJi/fOJOxV9F6t0WvrbqQKopSxzDuxJeygb4y
597,hcleatongk,gpembertongk@state.tx.us,$2a$04$TV8N7RJzgWJxyU.hCtPhAOxEuNYFnY1NvNIIEC9CxqAtSsa6YLRy2
598,kdinnagegl,dsymondsgl@dailymail.co.uk,$2a$04$pv8k08Fp8Ox0sCxRk7d8xea8CuD6UEGi3xfYS8Krsb./rMsdwTzTW
599,bcallwaygm,qramsaygm@walmart.com,$2a$04$agIgues8TqwJgA9UvcsbaOagmB5POqUXsMuMZ7UdcI.R6zyJhgrl2
600,bjessgn,lstrotongn@chicagotribune.com,$2a$04$PENvWnmHg8DMzBdBysM28Omp4fMHXtx04POQdKE2WHtNI0GX8pa7G
601,msabatergo,bpessoldgo@pen.io,$2a$04$aEQj343KPFAtUJHhJjTGcul0Fvd1lfVSh4FtH.u1M39moR0SB5o/6
602,apeskingp,dmoquingp@zdnet.com,$2a$04$q.R2NTNQwfsRbCCnZR7IbeSdzMQAvipWgcCI50CkEjSeyLS3kCLLe
603,mprobartgq,btookegq@sphinn.com,$2a$04$m9SBOyyWNdfT/s067EYUcOWmW3MsVRpa8NlH.fLN70jsU2bBvuY7e
604,bwoodhallgr,dgruczkagr@illinois.edu,$2a$04$CpxnUOnR412gvLCoH0jL6.tXD9KXAjUbH3wBcXjCR6dOlhRq5vwfO
605,wtaylotgs,tveeversgs@com.com,$2a$04$BhHvRJmmlwY9688Ed6GjEOL7T.XRa2h4cwGY7Hvo37fmg1OcSMw3e
606,dnerhenygt,rduferiegt@goo.ne.jp,$2a$04$hy1Jrdl4UFq2APWQcfHBiOD.NYjqHqu4HTCG4i6FNO17ApTgsz5KS
607,rmccritichiegu,dcattinigu@psu.edu,$2a$04$O91540Hoq2lX.6VAN4xzXunx7XP2Ws9X0O/NHMXVh5rND0jNBxkpm
608,gtyttertongv,pspranklinggv@cisco.com,$2a$04$fotCc1mrvxR7Msy6TFv3p.fP/Waliw6PbHLuSm4nJKF94YEP8l4ci
609,fjendrachgw,jainsburygw@nature.com,$2a$04$t5Mja5q8fm6fyagVHQT.tey.qPZwmK6NIRmmZV7nhCBG/HOSiR84m
610,abrittingx,gfleagx@baidu.com,$2a$04$ILEeukjkRqWcLLNa3fkohuOr/TjvA5QrPbPA6/RkgTKWrzX6bmQR6
611,pgoodlifegy,vjarmaingy@sun.com,$2a$04$PdgURu7B696ulgnztsbsN.TlGn043WpPY9LFcVb8/SYlwYCwAbWMm
612,abernhardgz,gomohungz@g.co,$2a$04$ghMT/ypZktKCBoeyIi6AFOm4MRQoT8F0ONasT0n5sQlr6vhJJTyEy
613,cyansonh0,rcoalburnh0@patch.com,$2a$04$JUM2Rp8zahX0X4IKGPmp/upy8G5wyHmjTyDowJ4q3WyiMj6cOMd5y
614,bjoiceyh1,wbattisonh1@fda.gov,$2a$04$C7BzPD42xDeVa0XdUiYbh.GDmRGtZSnixrtV5Yqz/mj6/nBcUDR.S
615,bbatisseh2,ssussexh2@huffingtonpost.com,$2a$04$hDC06QMQazZyVU06y5Xr6.Q8OTqp.3F9DCaiM5uEHPf.Pizw/xZha
616,cwinsperh3,jjiruchh3@squidoo.com,$2a$04$692p.FcjVx3H2EE02Kv19.T28nyIbrj4gdbg/2K5g6aSWuhOB2fuW
617,dvivashh4,tpescodh4@shop-pro.jp,$2a$04$uR/LynoB7GvLxBwWXQQrFumdPCSrU0YZpc2P6ROIi9Y/26NxLR1TW
618,dchaneyh5,jboyceh5@shutterfly.com,$2a$04$zYdy6YgFHw0PYA0363zM5uGTdWyes1qvbk91E2YrlBNGwnwr6rwby
619,crotherh6,rmatthiesenh6@springer.com,$2a$04$LO1oCw0xogtUWsIxOBlVAeFftd6T5tPMWX12OMcqZ.KS0yUP/vy96
620,mspadonih7,mhinkleyh7@bbb.org,$2a$04$rMOIhwEGNOtQ9KSjHbChQevV02lO1BO901y/gDHHLKjAzd9PtMXU.
621,jhaysmanh8,zveldmanh8@dyndns.org,$2a$04$Wj/jiFL2KvH2SgMLimfMXuvY.7kswJTf8QoNCT/BHYex3OErhMEDm
622,lgozzetth9,cchardinh9@privacy.gov.au,$2a$04$Mi5MDd1E108YPq9bhyzKJ.3hbZ62DHY4ApiaaQjiXOpKjUlUEj6za
623,coliveyha,mpesticcioha@acquirethisname.com,$2a$04$t1eNJc47Ys4Yi8WRPtN6eOAa47ZntSyBS34XZ3fUhDcNLwoREIeVm
624,fwarrinerhb,kdanelshb@wordpress.com,$2a$04$80PWy0PUDqWFxd7vg35Vr.dN6cFRdipjdQIgZkr3KKgJEJSWewNLK
625,aelcockshc,fkinghhc@scribd.com,$2a$04$Nt87UdojwUNCMzH7C1mMHu/.OV82XTyCKCFduw7t9bR71tx03h9FG
626,gcucinottahd,hreddiehd@smh.com.au,$2a$04$7djeNTFID6EjR99Y8j92tOr9FqIDAsALbpEHcZiOQjoRSJF/3XQ5C
627,hmathiassenhe,ybrewertonhe@marketwatch.com,$2a$04$mJAMcds4DJYlLLBOCsHP6u9jDp13beLmij5zNdgsPX7/6zWjfmPtS
628,jlesieurhf,gyarkerhf@webs.com,$2a$04$LshoBjNjkCsn8aqEzUq/1OKwRy/.eryPekuMNsms2Edhazp/PVgPW
629,adonizeauhg,cgawkehg@networksolutions.com,$2a$04$bBHAvp.UaqeOSRsY1geIUOKZBFpI1q3XuJpswmm7eKTCI9CTIUKc6
630,ddorinhh,amaddershh@desdev.cn,$2a$04$Q2a8dXGsdi20a/rfuNO2t.iU5BXOgYr93J2Iv01YPBnoHMN3tvI7a
631,blilburnehi,gcrokerhi@ebay.com,$2a$04$bft8URy7.9e4tpg3fTdIjuDGXjN3abHUDvchYZ2sEnnZK55.gYuEG
632,gjusterhj,ressamehj@paginegialle.it,$2a$04$9I9oMVS4OlSKhMvPKj7dhe3tifsLxIhQyYoHBayFSPLf6w3CfbNda
633,chebardhk,jbeshk@domainmarket.com,$2a$04$lBh4.wvENj9I.GHC06NwX./8ANdEse9ou0IHXhwaJkCWf6BqcLv5S
634,bcroxonhl,sslayhl@tinyurl.com,$2a$04$ZDmH9zsGKGb0Zwo1frFY0O5CrL8Hknj6bZQDORfBS7SSsjNRgXWjq
635,nvallerinehm,nreayhm@nih.gov,$2a$04$M52XXG2AFa0337IF6ii...2/1g93dBNwYUETQAf7GImPlStGTDr.e
636,logormanhn,mmettrickhn@instagram.com,$2a$04$oruP3JJbVskbw/ASZTP9/ui9CPAVIG9SB/ZS6YSt.x0qJVNZvjXHS
637,ckitcherho,crostonho@mozilla.com,$2a$04$uY8Q0s8CwoUHKvTo6TkddO7M2lw6FMtvYJVpCNz0eoVg8iyQrlVbu
638,hkitleyhp,fciccihp@tripadvisor.com,$2a$04$R/kHrka/2HkN4lyu5.wBGOgxc.puRoMbGL.qyjaJoq0rrONEXZXye
639,tmatteinihq,dtownsendhq@reuters.com,$2a$04$94Kz4vXALC8NqGdAZoM.WuPqvv/Te3eeiaj3xac7N/RsFp.yGEYMK
640,rcorbethr,hyashinhr@blogs.com,$2a$04$GCxxQqY5irn7dxOPQq1Pg.B6EKP0Zsh6lDkRObcW.TEyCUL.7Pclu
641,mjorihs,narmallhs@cloudflare.com,$2a$04$ph0V6pRh4Fsv5Cshkir2XuyD3YOuVT0AiNUqHGkdAzkPj4x7/2exG
642,apfefferht,tblancht@upenn.edu,$2a$04$KQq75utUdpEUk7DNVp.j1OwqV9Qu8KGDfyF3LAY93UOLAc7wFStRm
643,sfullilovehu,tsennhu@dion.ne.jp,$2a$04$olrv3rGmosAansCGm.hdS.TPveWQP3YVZhzN3Nnt96yXjTa1Mfos.
644,rpawelczykhv,vchattoehv@php.net,$2a$04$hMYHIFVDWE0TreyHsklEWePOr/CucIqpHl46SrQVK60ql9kIdDUMy
645,eburberyehw,hmoneypennyhw@google.cn,$2a$04$6KhVTU9WRo7twverUH3T/.xjpFlJ/0fcVA92a0GJmB95oP3iLnlaW
646,lfeyhx,oskaymanhx@delicious.com,$2a$04$E1rey9ewKtD3Dq.Eab1GbeHRfEN3LUMo9sPXHDlxfaRWWi/WGnGke
647,lfelipehy,dhaythhy@forbes.com,$2a$04$J6ptsxUdDDrW6G3wVZ.P5.KI6bVBqe8SqKJ.f/XcNWgpgvzIGPJdC
648,ltweddellhz,akendrickhz@amazon.co.uk,$2a$04$OMNHsuoCydzto/gWBxpda.Q3jx9556x3EDD8G4KMxdYq/LHwtr0lC
649,fcowndleyi0,fwasteneyi0@soup.io,$2a$04$/4EK.kX34hVMUhPADWxgWOF1DiJw.3S23UDWreOAtyoqJ4wEokXWK
650,blangloisi1,ggassoni1@theglobeandmail.com,$2a$04$PNnUEu24yHfvsuak77uApuQsLluW8gDK3keHNpnMmA7bBmCT5biae
651,cdinesi2,yeversfieldi2@indiegogo.com,$2a$04$PnvvvvhNHzt.g2Xp/VJuFuF/z1rennLgq0ZdhIkA768Xnfa.X47Lu
652,galvesi3,bvidgeoni3@usnews.com,$2a$04$IVnY9X0XNBTX/uKLPi1Lo.p.6wTDLGTvKE9ZwdwRd0oSeeer/SnfW
653,gwalburni4,cpurcelli4@slideshare.net,$2a$04$0xrG60kK7pbMhS8smDrBf.M8N5kbz8yWeD1BriEz3mRus.mQ2brfW
654,csollowayei5,hcoathi5@sciencedirect.com,$2a$04$uiVtwQmKMY2UuqkIgcBl1undCeHyXaf3vwo/v5jy/dxNEjZL34iky
655,arosenbushi6,ebeszanti6@fema.gov,$2a$04$Fx4SBi7dnDOgkAnVbSHWb.zpwXwgoRFa6ELmAfBog9b0Z9Qb3IYrm
656,dnixi7,mnassaui7@google.com.au,$2a$04$CyFaqYpUe0He88STBgjYFe.KrpBJhSPNxWLSbWdfoRZ5g8f/eXJ2.
657,egerringi8,gdaynteri8@archive.org,$2a$04$tRLT35r7JyyqwzGc0zOgEeN6SoiXo0dUDCY3Zx4G.okHUmse6QKcG
658,fpountaini9,scamblei9@fda.gov,$2a$04$OmOYSdMM2hSMfEAES.ZMfu.aMVRkc6i.XYa/KVQ4yzMhcE7GgZLOu
659,rnoddleia,lrapelliia@gravatar.com,$2a$04$jp9ydxmIQNpkVPol6sPnuOsk9fVkaEiw4w/JS4Z3vRPFz0vqxOi2e
660,dclemsonib,bskiggsib@ibm.com,$2a$04$aIMNjwBpV3M99zO4DKonYedKYg.WVyy0uUgbAfF5XRyklK7HPTirm
661,rcroppic,gboulesic@csmonitor.com,$2a$04$C2pQtrTvyQscMJv/wyHIUebnbe12Ww7kSHDemtot4KtZdRqQJD75C
662,frainvilleid,tgabeid@google.com,$2a$04$Y1JAtfzcBlLrANsHEewgAOBBqcQ3k0JI7VbiLYZRa0h7WESfMR/YC
663,grootie,lbullochie@163.com,$2a$04$1reY.c120usXNNSEsQm8OeImsgCqnyVXrm3uNZzuYg1Br.D05.fBG
664,hquiddingtonif,syateif@usgs.gov,$2a$04$wKtzUYdI1D4XezwIihnvzuxZ4/9LX3Yychvhh2GD6ak4CJeGisYYK
665,lfuncheonig,pshielig@walmart.com,$2a$04$LSVQwXOY.RBvmFbK77ciG.yl7XkFzGDIllXujttUR/wTd2pnvHfBO
666,lserrisih,mgronwih@cnbc.com,$2a$04$lSktVpGbcUim19GQVfeBX.1T4bSuFTt.4t5bT8f9AD2ckAK4UzFeO
667,edefraineii,amourgueii@statcounter.com,$2a$04$bqo9Db.e6jdRl/5ueNWe5emN/BQbwH6C46GN0CYbdsSLGw9jGsvna
668,mdurlingij,blaurensonij@dagondesign.com,$2a$04$887Iv1esvdPhFYGU0mzMh.4irjW90Ihn3ruG535hfbN6u9PGiRvmq
669,fbatecokik,mmccrackemik@cocolog-nifty.com,$2a$04$6a2BJ0baqjMBMcRx9rDye.SPIEzcqStBKLbv5NGunVMb5fPdRTXFK
670,jalgaril,adainil@wordpress.com,$2a$04$A2SEs8Ja555kG.3E4DH/Qu9N9TPlWTnALEl4fHThOi.s4FqJykKEC
671,hrosenzveigim,jtoorim@ed.gov,$2a$04$/X4gW6njIrOQWI4pld9c/ONc6D6L9HDwahTf6mL92eo.gnWsO0E0G
672,estifein,mlumbleyin@facebook.com,$2a$04$MHpGYcNZredBFCaf77/OxulwA7uNP8QJ1hJ13xo3wkSvv9KnHfmT2
673,eyeendio,cgreggersenio@bizjournals.com,$2a$04$r9pftXHPtGyfrAW253S5x.c5fv34d0GwGJXq/auPQSeMiNBcPs5zC
674,rsnowdingip,edunkerleyip@harvard.edu,$2a$04$5ZWFsnYbFajMI2zfDt1FpuyOi/XtH8QD6mfPPiiH7magoqyRl9Ati
675,smiddelliq,btyneiq@nsw.gov.au,$2a$04$ChSkJVPtNGJmi7SFxsaT1ukKMrj9E494jXqeec/mi0fbPH6iIWnAK
676,lswinglehurstir,ereastir@ning.com,$2a$04$2nh/I.Qw2sqB4DgkIVR6SOPdPmsdkk0eHwcHLqYHvO3DbH.4npdLq
677,xsignoretis,gviversis@360.cn,$2a$04$eJIxTjVHAcGx/j7i6aszMuo04UBeLGjWfnK7sRo5H9hN5CQvGukdm
678,okeaveneyit,wblackbournit@statcounter.com,$2a$04$3VbFDGkN/ovlYbRg./P3XOVByxIjrSGzat/h5eJublUMpWXQdhmNO
679,hjowleiu,kfrancinoiu@amazon.com,$2a$04$MSI0/l/EFH3WSXylG0Le6uzpKawAhWv8yH/UxYeyR/Q7Y8i.TM/o6
680,wpimlockiv,wlattyiv@ning.com,$2a$04$cb0l/vX4vJ4IgxLc.kkDgeMv7L0Na5um31HlsQtcTvoIPx6fNnYtG
681,maveyardiw,kchengiw@is.gd,$2a$04$YORZ3Vt7sTu1oNuDoDdBPO9SlRwiovYf2LBBtQlgXpuElfhT.Wcwe
682,ncrannageix,pmorterix@jalbum.net,$2a$04$qt8hcF5yVYQGmtSV6x9ez.WMprbAOdXYHuoodZHgf4LBrT2XhZyKO
683,etoopiy,blocheadiy@si.edu,$2a$04$crTLALrKxYizTdTSk9i9v.0FihhBJrkvImEJTHoxotpLLx4aqItQ6
684,wreardeniz,rflaonieriz@ibm.com,$2a$04$KvQFTfkS18zxL0/RpyYaQeG/JnqJbbZZFVYdIwRECq20KGgRlfG0u
685,hgerhtsj0,tladloej0@ask.com,$2a$04$ouHbQDKQweYAA3nlKy1PJe5bak4q77Sv512DCltj0rtH6gkEPrSDW
686,cbevesj1,pmeersj1@salon.com,$2a$04$7w6Ln/Vv3TJ0pPncujTGw.bVcCUq683hmX4DGu7OtFLUxx4RU0kIa
687,vgradlyj2,vpembertonj2@aol.com,$2a$04$8kgHi83JAQzxYP89ngtBw.A/H65DDfiMwEuUX2oF9BIad1xKNhHu2
688,gpayfootj3,tcraykj3@stanford.edu,$2a$04$p3yI6LdQDpBr2uh.YEtOEe4a5hotH37m6IM3yVQUYqWYgAe0S6ZFK
689,kmayzej4,ggoldbournj4@shinystat.com,$2a$04$G1624EujZhxiDdBMO02KJ.sAs25gZoyxm3Lg4sdDo40Ek7xXQmgW.
690,wdansonj5,abentzj5@go.com,$2a$04$KO1O89qdFAYUes/rJKp5Q.cI9VOqCjWFypzx5B.aYM148ZG7Bl/nu
691,hjiracekj6,kadlingtonj6@bing.com,$2a$04$8ZNKZrPNg99KeiRr6mrnEehRKFa3KxR3InYsFMRWxggZxMR4lCGk2
692,irottej7,nmcmullenj7@de.vu,$2a$04$vhn5OCGIZXkRCTpkSuUMWOEP6Q.fC1TzH7lro51DO5AruUmtVcnoC
693,askedgej8,wpaginj8@zimbio.com,$2a$04$gXE/hGt3F8yi9Pi/VXAd7uvTrsdncUYKyH7VRIFdEtjRDz3sjNAeW
694,kdenyukinj9,jsidryj9@go.com,$2a$04$7DeRLO2iol5H48gpCR6UdunSWF1Xkp9BLBWxQcmFhQx8e2kcWgBuO
695,gwildesja,sabramchikja@godaddy.com,$2a$04$LAlYlxyZ1JxOjWpVWf1q0ODnbX11CuztzhF8I2fxRtyfuTx0Bem1e
696,dgappjb,pharkessjb@biglobe.ne.jp,$2a$04$xuxJwVZxW43JsYRzwOjmauT.RetAZlAFbUH8GdAnwCPRDSE4zOX4i
697,jparleyjc,tboissieuxjc@shop-pro.jp,$2a$04$ou6qcc8W2eG5wDCUIPMTne7OX4FVbhzhayGbo7RHZrbGQOxNMLdXS
698,lchettlejd,rshiersjd@prlog.org,$2a$04$37Px00xCE/74GOyM0laso.Shlxek.1ncJk9XEsymJqpqK4VCvfbdq
699,troffje,pcotteje@ning.com,$2a$04$e4Rn42H/iiiQWr8JfPGH..Z8aNmXOKE88mGhFm2i9dFOi5YdeACRS
700,edavorenjf,vscotchmurjf@home.pl,$2a$04$rdMzyS7iNKV68nSqFGdawudaULJ/cKQFU822HD3uVq4e/WNzNYs2.
701,jstuddejg,bstopsjg@spiegel.de,$2a$04$Cjia29EHbdnO7nLjtKsK0upl3Xcc9GV7UAKhOBwa8wv942tMAhdke
702,nreublejh,amehewjh@businesswire.com,$2a$04$yYG/TYoubGZlu.ZiLyu.1uY6akZLlkkv8/NQ/4LACmU12jpoOBiOy
703,ptoughji,scastelji@amazon.de,$2a$04$JaiBJVgV7C7IJomO4Oi9pO442YieO2V9m3YI1h8NGTu2uh9Onshqa
704,ksorrelljj,lprudhamjj@lycos.com,$2a$04$jJ6a4/lIxHfdyhJo2T69AeXRO3YhOTu/fst7CGhQsFjA5Rf3oINoi
705,wsivillsjk,lleflochjk@scribd.com,$2a$04$VuXLEiG6SbHH.ytLvyul9.TT.Z3fw3bp1SVdRsw7fL5yIx5mhh3g2
706,lwitchardjl,wseggejl@wikipedia.org,$2a$04$vgGve8c7vFk.F..rXKwEi.DIQgMdMZK3TuTFVmEuf.YnYRnvYKysa
707,bcordejm,eschulterjm@indiegogo.com,$2a$04$FMxqg3c0rmJ511LCaf9ayefFxADgM9oQozqqnKtEsKoppS2XLecde
708,ddelouchjn,jnealjn@cocolog-nifty.com,$2a$04$elNJi6I0bXRe/3CkbsVWEOBwi/J92yGkZGzZB34hE9BCp7qSSYmSG
709,igorrickjo,smoxsteadjo@hibu.com,$2a$04$SYHaABrJiflS.xAsVx7HOewNmgao4wqnnt6xxIZnEPiBWec34pO66
710,jswinfenjp,dromagosajp@chron.com,$2a$04$.U3ONYyG8/XmOZ.LJQidF.h/mCWhrUqUBL.uZ1PPmBIwuhEoVFraq
711,slindwasserjq,jruzickajq@cmu.edu,$2a$04$esIqQpHO0.d5E3u1efem/eyUcs7loloEtDKCo.rIT5RiLzabQCHwW
712,ttiplerjr,aairdriejr@virginia.edu,$2a$04$Wwby9mpEbJbLzbEf5/trKegEvO63/Awk.ztdvi1dOShKOcsnlOcle
713,rmowlesjs,mleithgoejs@geocities.com,$2a$04$/Zf3.62MscT8tO9PFfKPm.fx88RkzuFtcch.ivg84.ZjKfGkwz5Ii
714,mfeldmarkjt,bchecchijt@theguardian.com,$2a$04$AGhx0t4wju6J5GfZrSXtdODaGlzjM4Ei.khDkcIIthjq8Vb9pLnk6
715,kpawlaczykju,garguileju@nydailynews.com,$2a$04$aPtlkOufPTrrZ8bQEKFuB.0hMhcAffmhfzHuIi2bM9gRzs9e/TwpC
716,fscotchmurjv,tfearnsjv@senate.gov,$2a$04$yqXeppUS8lHlDXsZ/W1KuuG5iG8GN28FW4PKyyTP0T5X9xPvLzOZq
717,ichaddockjw,ckohtlerjw@nsw.gov.au,$2a$04$WCWKviyaAtQ1qaVCxtVIAOJqx2fflRnYjOk/jL5LQPOzDwV7ypFSq
718,mmuldowniejx,ksaunperjx@amazon.com,$2a$04$qIDTx65UFmdHyeJLhVwt3OMyVq2VLRYsrj4ClOExywiEVRS2kcDMi
719,abarberjy,skisbyjy@marriott.com,$2a$04$JPCbEMWv08c4OyomxGABm.SD6HhsCDwhnssoHKcRh1RK/r1u5uh9G
720,kmcguckinjz,mlarcherjz@1und1.de,$2a$04$PZ5e5du6SI6eZgrM5mq9jedJyBUCu8BN5/hqa1mNJIYruTqg/EL02
721,qbossk0,tashfieldk0@gov.uk,$2a$04$aEv4s3JgFmqVPKhdvvj42.lY59E8fvoPgo2c/HIXt/M4WivItcEMi
722,afaudriek1,gschottlik1@multiply.com,$2a$04$P5X.cgp84PMPCF0vBEY.1eDIsUkoiIz6sw8P.5oLixyrDaGEdAl1S
723,nkneebonek2,cwaterk2@boston.com,$2a$04$qGavtObAw876k.rnzM1P6e0IZxL8ZC3UKKbGrxFTmmK7SzhpPCp6m
724,wmottershawk3,rcoppledikek3@time.com,$2a$04$SfwIW2zC5S84wHPP2wFMceFbRZX0SocovNnoVI1rIk.sk0vgFwG1e
725,mdanatk4,iboxenk4@blinklist.com,$2a$04$gtmR9M4XaTabDtHxddnn3uqVXY.HIKHbdR1KGDwn9kUYurEn0czru
726,cdonahok5,crowellk5@dropbox.com,$2a$04$7.aR9IPbCnbfNHhQWbG9oe5nh8P/59iO8uAiRFG4ePvq/a2WRFDva
727,gbellsonk6,kmcewenk6@histats.com,$2a$04$2ZJlEy5snFA5LgC9NIWlBeUKijS3QZjhyLWx6olQiDGsxTMz/UC8i
728,kalabasterk7,krolesk7@aboutads.info,$2a$04$87mdfhcriVRKmJkg2kMHxOQR5lrVHc1lMz1A.KWvmuRuRWx5rWBZq
729,gteresek8,rgetcliffk8@163.com,$2a$04$fHOA5MJjwtwDlHRoH5/mzuDAJLWg5AKl.WeDWqcP0sbumYdD4ff6q
730,agedgek9,rlagok9@fastcompany.com,$2a$04$uyRel8RbieE87kDatWLZnOaZz8UOV2k/ftlTDm7oaY43l2xKbINFG
731,haccumka,iziemsenka@accuweather.com,$2a$04$jmaYWH1ogdDQY9keFeuwPuz1yxrcJA9j0obpz2j8/WNTJAlSliqYm
732,vpettyferkb,mdevereuxkb@smugmug.com,$2a$04$/wV1cWtkQzj5RzQW2hyh2eaxaZQljlNxqomuIw19xAwPQ9fApKnbq
733,astiffkinskc,oarzukc@flavors.me,$2a$04$pxmJqM1edkl8rrvEuuXV9eKqtsBcD7ea8wudbh7CLT90YH.Y8r04S
734,gdionsettikd,ybownesskd@ocn.ne.jp,$2a$04$jn6CZgL4ptf4Y4VLkN3awekuoSS1gsugZVwmaeUnAPPGVnZTPzy6y
735,gschulzeke,mtwinboroughke@newsvine.com,$2a$04$OcFynNsKHq0utMWWFJ8lte0QuKsJvdh2Z2ImAOkWstyExBgu4wbVW
736,wladdlekf,dvooghtkf@pen.io,$2a$04$KprOJsAUT..ZM6LzOF310OMbMEJ.YHjaROSigVNqYtT3ZmULg5eVC
737,tmoncreiffekg,vpfaffekg@miibeian.gov.cn,$2a$04$yzyDoqPG12T4z4gJ5fvUxuW3JFJ0.DmOU1twtJZlAz5gQlDWCmxHm
738,kslatorkh,kdaveleykh@baidu.com,$2a$04$IjR2AqHSMsw4CO57MaIkl.qpzZNIQlb1Fa.V0lcg612D5oCbS.5Xq
739,bborderki,sdeamerki@quantcast.com,$2a$04$NeE5jGTJILRP3fb9Vworhe2V/MQYU1xpMZzv8jwn96PzxIwNmofiu
740,pwolfitkj,mdorneykj@sfgate.com,$2a$04$k8fJ1msKfdJqQ6KaO4o7rea8Bz2gpei4dKhZhmPcXUduvEEcttQ1a
741,pquinlankk,ibewfieldkk@sbwire.com,$2a$04$hVf5i3Wsc5WgkeYQmRby3e.VOxrbLKg1G.Bf84Jt0ieyWQpGGcz8q
742,bburgettkl,khalidaykl@bbb.org,$2a$04$rf7sgH90oUKD6ab4/wuzcOpMpE5d4OGgk7hpXZot9ynlW3q.7kN9S
743,lkordtkm,krollittkm@senate.gov,$2a$04$nXOkPikKa4TksoqS44fWeOTfZZsDR4MA7SILCSGOIC9udqVApPWnq
744,tfraneykn,hmarcroftkn@chronoengine.com,$2a$04$B51Y4ZzNLDKJ3W/s50IJQewPwtpao1VOwpACf.jzjb.H8KPPvSs.2
745,cmingerko,fknobleko@miibeian.gov.cn,$2a$04$bOYP67MRrKrkn/tp/0P/3eMcc27z.NWBbe2ttBX3OX1iDGfcj3Eo2
746,dcosfordkp,enaptinkp@bloomberg.com,$2a$04$OlYAD8xeESj5CSWDgNFEI.CCuUVeEh1LBzmJBYZhyF4xbmzNlJj6W
747,ndupeykq,neveringhamkq@thetimes.co.uk,$2a$04$UTp5WMj/in/O6ooGVSPY6.qm/gQewUnD31G6TPMddL2A6/GGtdtbu
748,ewildekr,dubsdellkr@java.com,$2a$04$SQFEycLNLCxcKr1JdmmM5eUm7gOwMn0qUwfWX6G..Cee1E9gnpExK
749,gchadneyks,gprahlks@pinterest.com,$2a$04$1NLuyZ8IN/whg1EpzQHCAerawhisL4uDGcI9.8ee6fQlefdM2SOai
750,sroadnightkt,mwhaleskt@cam.ac.uk,$2a$04$W6RrVoVIr8mFNeCmZZBVmOj8JjkX6sQY3lDeKcteCfQn2gGDwy7Lq
751,jdurieku,jsnalhamku@pagesperso-orange.fr,$2a$04$qZ5tMvhBxzIz4zGAklujK.3xZI4Oxzyu0PGIZJA6cGTs1AFMQ5QXm
752,nloftuskv,htoffalokv@webs.com,$2a$04$/8iiP0U1aj4z0xcy4X6CTuBml7qbk9NdZmwT9q0jyGoGgLFmW1Ak6
753,lbeedkw,iwenningtonkw@youtube.com,$2a$04$F4Wbn/TQ8RY58YxcfY7vi.8Lyaobd/UHn8v2Jo98l2dN9521ZjKYS
754,gvatcherkx,nruffeykx@google.ru,$2a$04$LWxsFFlme9a4n5tR1pxrrev6t9YurLdrOq/QOK0Wk3yTowipFQpjS
755,aalburyky,vdoleky@zdnet.com,$2a$04$GIVI0H5VDvedmKw3XRH/YOV/TWAV/jcVNMeX5Z7Qq8kB7Hft5.mCO
756,bcloakekz,cdunkirkkz@hhs.gov,$2a$04$UgzWrE39eMKsB3abXJCIc.Cgc53c59ruWC/VCi..R9Cgs1svvJWhu
757,kcornl0,cporteousl0@ameblo.jp,$2a$04$oOWZ2qt9FpJql3Awgi.gDuS7u3VLIlT63rrwofz.SQSS8vp8XNWve
758,cingamellsl1,rbeavisl1@unesco.org,$2a$04$R8pLVvUDcgYm/rZqD.RGzOF4zMg7qXbZc8jMoJlFf9C5Bq11IUPcS
759,dwyeldl2,rtoopinl2@google.fr,$2a$04$8zEL1oj9t9oNabbYvaE2culRs2PU8Llj8wiX3Kq/YRy6amD3LtZ9C
760,djerzycowskil3,zcaghyl3@bluehost.com,$2a$04$I2IGWELmHktkuJRxvRG6kOk6om9MFucgVypG.KjghtycUfehROIxq
761,mscreetonl4,glegginl4@163.com,$2a$04$hkUL9w7G2g/Zwq/LeK1J7ePHFC9mfUPCJkD4ZcEifyhbDqIwRMqbS
762,eprobinl5,pfrancescol5@addthis.com,$2a$04$dmb4Qi8cVIsdMs7Rpirku.TSmzlq3zjVyT5KcIdnwLSv7gtFgqOpG
763,efrobisherl6,eninnottil6@bbb.org,$2a$04$n/W7bgXD8WEpq9Hl.J3QeuT362dr60uTfovaq65grgXBh5Jv6kS5.
764,murlinl7,begleofgermanyl7@eventbrite.com,$2a$04$g/8B4Z5DpuLiRDpgUcyYV.eBeuh8irBnF/3c8fEYlC/KkuSytpb3W
765,catackl8,lgabeyl8@vinaora.com,$2a$04$CAvVCnU36nrlBLUrWfMFre0blY6HUghLOB56W.ud7dCPBUO3MGkou
766,lklasingl9,mmatashkinl9@stumbleupon.com,$2a$04$2tyHMx.wXNDFvIAbSWPQWeJHp6pCSGQ7rPi/W9bRBE8lcfM1je18m
767,cgarfathla,ssweetmanla@odnoklassniki.ru,$2a$04$U.iX.KQwYbwS40xJtUM/Lu6qdBAOM8LijosAqaimIWJNTY9XsoyU.
768,mmaclennanlb,acaramuscialb@pcworld.com,$2a$04$nJGfe41Ulscql93DaZkjl.pGxT2ceZqLBi6YTT5qHxV8iQOOaevjS
769,wmoukeslc,grabblc@twitter.com,$2a$04$7sQECQE/wX8JKlf5kopLwuethWAi8ibzDEgkvqSZw.BEZ/F2GSwIG
770,fgoodburld,mcocherld@wsj.com,$2a$04$N5BQnWRFhFItGbm2v7tlOO8ISCy5Y5SE/784L.9ZulP/FTcJppvcG
771,ppostlethwaitele,aiorizzole@mail.ru,$2a$04$rmyYdF3SxgBtFTV38bRxkeMuFpKx0x7k3wpOU7ofAu422/aEDFn0S
772,rmicheletlf,darmatidgelf@imdb.com,$2a$04$7aN48X4U3oqzKqSiIww4D.cSx9ozsQ.lZ1aq90zxojBztvfWJRmOO
773,coroanlg,gtallquistlg@reddit.com,$2a$04$0Qqk.xebw16hmR2X0hWxw.O.2OZDbZv.VQNkD/XD5y9tArMKmhOk2
774,ccromartylh,uantognazzilh@miitbeian.gov.cn,$2a$04$600ocnhnz0zu0YwDqBy6y.CS48ciAhJO/MORzmYrWDYag4Cuvgzz6
775,nardenli,vokieranli@youtu.be,$2a$04$khlCMMHEhNjv8qI/ocjh8OOJWnKvll4XfP/0CJAnD4wZ5MPsaqkhS
776,abiasettilj,asheehanlj@economist.com,$2a$04$cavDg17CEslypZg5zvop5uUTPmAGoUsh9T.fHVz9e3xA/.dbtzLxS
777,wblankmanlk,bbewseylk@t-online.de,$2a$04$XjUfQP./vgR08Lxbhr33PO.ss.aWKw6vx.8YtFw5s8DTwtLEc8./G
778,iwillmotll,cstanettll@netscape.com,$2a$04$7wjm14dgmLY0Tyi.GkdW5OOS91oEQqOodRbhfNt9ic/3UIJWsqz9i
779,eglusbylm,clangdalelm@huffingtonpost.com,$2a$04$Zx/Mmvor45cXZpbxCbHn7OazCbginIiU9.jC6vDbdjtXUpd2TrzEC
780,astenyngln,cturpinln@berkeley.edu,$2a$04$KJNaMwmMUZ6skP2i.QVekOQdD91ClWYOInvWV.g1RFtHHDLEZMO7C
781,efernelylo,kbensteadlo@is.gd,$2a$04$QkVatWYhiW1HhlEyGX.CrOoSbAEswQoZt07U.wm3QUJDs74VJ7Yl.
782,oousbielp,nmalimlp@indiatimes.com,$2a$04$zu6Mr98oTrmaeWqknCRZbe1ZceBuWIP7VHpzVOB2a93WYi7f7besm
783,crutleylq,dcantorlq@boston.com,$2a$04$uvC4hKy9bMQh9b1M2.NKBO1RfhaxLCDq/e4oTsGfmHz8jjMFOTYMW
784,jwhittocklr,kbellamlr@meetup.com,$2a$04$XX/b3XqPVrrX3XZhCjA2N.96.kMSt6iUoekVMhLtHmWKr3CBbjwmC
785,sporcasls,rmcauleyls@hc360.com,$2a$04$H7/3BZwumE1.NzwwJRUn7./SbLVUJXMdWn9yiUpP0UTZIpQNeisqu
786,jworstalllt,cduggarylt@princeton.edu,$2a$04$A3XE9TITK8OB3H4xlLw.hu4tRKLO9hN0A1XW6mwuuvOgEN6GBQHJ.
787,manthoinlu,gfilsonlu@altervista.org,$2a$04$9d4CFyKI3OPOJZur/Aoj4uhN0/GBngTJl4y2XA7KhspnSc88FJjcO
788,adabinettlv,osysonlv@google.cn,$2a$04$i375wGjOieZABq0NracK1OZDrZOmJihvMt1Zjiv71NPudFV5lyv9a
789,fouterbridgelw,dboothjarvislw@myspace.com,$2a$04$rQPj2/r/8BjF7OrqCP56geNwX/iWM7x1DQ9YZ4FSU0H5RMWhAhUai
790,rravenshearlx,mfollenlx@tuttocitta.it,$2a$04$vsfNZeX5mzOZA3advphePeyqdHAOkh0JUIGi3c7/SZidBbJWPsjge
791,snutteyly,amckevinly@paginegialle.it,$2a$04$KMuiWOgPm7AHdtsBsbw5iu7XbYsg5UtadVHS/ILkRfDLghtAItAmi
792,anorburylz,lmapletoftlz@wired.com,$2a$04$nYHYw1rZvXCB7Vg50C.6NeVJaDTvsdUhGDmJbYBLkZUkkk73V6tpi
793,gcolliardm0,dzanicchim0@delicious.com,$2a$04$RAi39Xk89TUzFKkQx4DW1.B39IjNtUpMJTUIIPFqfUW3qFLv7VkDS
794,mtomczykiewiczm1,amaltmanm1@thetimes.co.uk,$2a$04$U5eCybAOkNFwggRhG3niuupncDMuO1R4n4keYfjPrSXhDf.K7ujra
795,ltampenm2,athamem2@quantcast.com,$2a$04$9cXNN2JbNX/gmCjiM4yVQ.44R7/uOeYqPYrqSMbPUATlhWKZW8HI2
796,slonghim3,ebalharrym3@dropbox.com,$2a$04$PGSdGDdB7pfdDVsvFK6SruEhCCw1z3sXFQBjIrtGg23kAmlHWFSlu
797,dhairm4,gkunesm4@tripadvisor.com,$2a$04$IvM.CE4p3Wix.mFQcBkRIuLvFPi87gvsd1Hzptyz1HIDzjkgGSIwq
798,cburberowm5,fakhurstm5@mapquest.com,$2a$04$nssCw5PplwGiwnCmfKcP9usVceouWrGwaeNqE.uFdKK9PmkdVwfR2
799,ghelksm6,agarthm6@sbwire.com,$2a$04$iaB7Dprr20gt6Ic2oJX0vOwBEOymtHtO06gftdgFa6WLQ9TBhpDL2
800,bbennym7,amctavishm7@google.com.br,$2a$04$GIxwk/WEgDliBRuAGjjCcOyUm1elVJ57wRA1LtmgQOMhDUT7qCFvG
801,kcunniffm8,sarnauducm8@technorati.com,$2a$04$FLEe5GMFZsmgNA5oU/HuaOAgmCXT0ayrb08hjQSuh345.w7lxJQ8i
802,madhamsm9,fvannaccim9@prweb.com,$2a$04$5XSdPB5D7cqCb5V.eu0UtOF.DzQvgbA5G1CkdyDYl0IOESejsxrCi
803,omullengerma,oburchettma@time.com,$2a$04$8mGOkbQPfW89v909TEbBweBmyQXmS8VCp2zZgKd24vzvud7q19Ioe
804,fscrigmourmb,kwadforthmb@auda.org.au,$2a$04$ablVaVvc0de7mpQvabtQsOnAp5VEFJ5GS8L20JbsBERYy0Dk0q6NC
805,mfrangionemc,hshilburnemc@redcross.org,$2a$04$4f7mj0cRwX4v./imIkkO3ew03rtru99RbTa8x5ypQBzj6PFq5mIAm
806,mbleddonmd,wfoltinmd@dyndns.org,$2a$04$0psC3XFZIwxth91XZYiBJesgL7vAjwukFEvN6OG7YFdzNQUNu5u1q
807,ekilcoyneme,mdeguerreme@unc.edu,$2a$04$j54kv45pOpIn5Pw2/2lzSewVuqw7raMKZSisfCV8CQ2oXtInu7XhC
808,prosewallmf,gbrissonmf@webnode.com,$2a$04$O0Fdofv6/dzc84FN8lUaiOWbfianpbofGsir.2uPzHiL1Zhvvae3u
809,llongstreethmg,ekirkbridemg@indiegogo.com,$2a$04$Jsw7bzSuZFiKI1W5LjRr1eo4F/tuZeviqY8migOdp3EcvOBXTEQau
810,kevensdenmh,ndeveymh@about.me,$2a$04$JUogrNEapXUXuzYH0bMccub7QELQFTo0sDcvpZkgKpL1PnQwEoyie
811,lcamplenmi,spistolmi@china.com.cn,$2a$04$cU5Cs6zKbBjAle5PRrqvLuGZ3jhrF9ktUd2Pv1BellXgGgtAqO6Ae
812,fnorwichmj,hhanssmannmj@symantec.com,$2a$04$6ujKLbBfzxAGBLn5Tlpkq.fksw0Nlh/zrM5.6L2vGyTuTwytPaH4S
813,lbisonmk,alotteringtonmk@mac.com,$2a$04$eyuYdDOouoyIbYKC8K2dQeEkZtMjKUbWloP/QMY4fNvODfmsQAdUe
814,kklemensiewiczml,bcranchml@theglobeandmail.com,$2a$04$A32bL/TSdzqpU0u8a6Nz6O2XWAtcOfalZG1PvHZhCP9b5txEp9lBm
815,gleathleymm,jparhammm@disqus.com,$2a$04$0ywTGaatiftefa6j/hhnTezNKLtgARlXoToQcwThw3ShIpHmV34lC
816,gyarwoodmn,atwidlemn@economist.com,$2a$04$cX0HdjJTPRlOCfsVsHESj.3c7h/ohdLnXjR1BnWbhd/Xq0XXMCIfK
817,rbrysonmo,hbunchermo@behance.net,$2a$04$XDLvBG8F2YErzccIsiorROR1MA9qjNovpuo0qtBz.5pXiwFUWzY6G
818,etorrijosmp,jswatheridgemp@google.pl,$2a$04$7j1c8vaBK/wney5Q8pWep.NmFatEcwv2JnHS1a/UYmo66.lQj1Mc.
819,owentmq,hkirleymq@nytimes.com,$2a$04$bR7MJpvJ9a04OBnkFXMfp.yhTyG8NI8F9bCcIOAqo1GgO4nU4lOzy
820,jbirchwoodmr,vjackmanmr@go.com,$2a$04$ibiVlBC1Rw1oskg20hVEjuszegOcub71KRGuIAuQ7AZzxBM0qqyae
821,creubbensms,bwimbridgems@surveymonkey.com,$2a$04$9ay2h5c4RGtnHPpErRK/1.MH0qz93C18el1XlHBx9TqpzRadJ18X2
822,rwarrymt,jhappelmt@businessweek.com,$2a$04$poXY1/YslFvcKzgzsb0lbOOugNcArfRnLKJotNMRCJTZfQUnsIXPi
823,rlobliemu,aniccollsmu@vk.com,$2a$04$iG5sNe0DJJ8MXR03h/7.U.WUAeCzF2H6RdDKR5WTv/uKOppm5OBHC
824,ccockarillmv,rjedrychmv@flickr.com,$2a$04$yXB7SfqBy8SThDS2m6XpcOZmYLQVwKcvlr4ZRLjqCV96foBE6rRwe
825,myansonsmw,mbridlemw@virginia.edu,$2a$04$gKNNutBkBXxvfL1Ul3n0MOgpdOjdn5mi2QVtZVu5JcQMTKkqG36xm
826,eodownemx,asuttermx@geocities.jp,$2a$04$9hmGZefW7wb87wFB1DstHetGbga6EvwjlhjbK5DZgap5kkrXupl8O
827,jmougelmy,bshorthousemy@sciencedirect.com,$2a$04$XBK6L8lG5acXj095Lzxvo.Tpkaqy.vdbzajZZmXtcw3ZKu9in8I4u
828,eionnisianmz,scaselickmz@yahoo.com,$2a$04$Z3PROcqPT5lRMvZx3kChu.aDZyKcNNLghGaBtHf3F/AXhfDbLUjyy
829,fleifern0,jscuddersn0@springer.com,$2a$04$vD6wix52dRzblgtHCZ09devquheOmJHeZ276tE8FyUi6QJDwJ98L.
830,hpetrollon1,tneildn1@reverbnation.com,$2a$04$9.1z2UzaLeZrIOol4rNKROAdTMudWvJfxotxd6rnKUlr1lNHhXSWO
831,ttabbn2,lcockshootn2@walmart.com,$2a$04$kzz8oKS.xR4KrR.Ud4BO9eRicMv582l.Q8QN2mGyYXb67NUjneJkO
832,cchrichtonn3,spanchenn3@discovery.com,$2a$04$ryjjKLRKkr9CNRU9lu2pP.2yh94quMRkd71k4B4Wn3XEe08yGqcx.
833,bnorcottn4,bmethleyn4@bbc.co.uk,$2a$04$FOLPolkum8gZAfmy28nOceYV4fuuOJ4TMbT0A3dsoMJBwnap09fDi
834,mpresnailn5,kmccaigheyn5@w3.org,$2a$04$f/OxERiv.BwMa4H8qQ7iX.KmcrVAYXKngEwZDAFLB9sVSSydDGJC2
835,dfaithornn6,astrassen6@google.com.au,$2a$04$keb5LCP0pojjG7CP3eCqoe0nnGtNL/A1GJBBNICrjf7OKNEhGrNje
836,ldoohann7,hricoldn7@patch.com,$2a$04$XBd4Bn2QAKqu8enuKl2kI.S0HPcQJ3.5uH/zRSn.Ae./8a8kP9Npa
837,bboerdermann8,jmucklown8@cyberchimps.com,$2a$04$phqt3Xbf46HaKdl2D0.GBO4YO/8UnUikazsISEHmDUInMdfELlaiu
838,bforsythn9,msnellmann9@google.it,$2a$04$sjFYT4p9YvwNXeExBPmyYejbDZvllMF/aHg1pKn.ZpMMrTf4XaNb2
839,dspeechlyna,oeouzanna@mapquest.com,$2a$04$5duisnKwhB7fRK9l9VYoe.y5NYmaN4JfVEhC4M9rN3237M7vJTz42
840,gninottinb,eollinnb@godaddy.com,$2a$04$Y9IL0JeBBJfdkWg4UKmlS.PqIgRLG5RIvjderhxR9kggHsKI28W9W
841,cdukesnc,tthornthwaitenc@economist.com,$2a$04$VR0kS1XOx9YAY./diQS7Q.DCLoYkaoBNQKem31FKYviJC.cjW0O3O
842,pfishbiend,hyakuntsovnd@mysql.com,$2a$04$D.PkpaqMI7xfHOKN3FPQmu5WBcwMNRKuorat4Y83t0erI9k4acQzq
843,jcastanhone,jbolderoene@jalbum.net,$2a$04$gaKJYLCu3sWHmZ2256DgPuqDNDNaSshhcuIxgMnS2JW9LGR7xFu7m
844,wpolycotenf,cmountlownf@hp.com,$2a$04$pKlczeCM0DrRJo1cMWwjYuLSyWtEKyO0kNxqoPDLfw3UjevtBGQK2
845,vthurstonng,amcconaghyng@arizona.edu,$2a$04$K5JkPbbB8lqP1dBMXUiNpuGFo5e54cE2v27LDgbGoZnJcnFg3DCnm
846,dhurchenh,jsempillnh@artisteer.com,$2a$04$tY6doK4Quxvsfj7n.sjwbeKoSItZZr3d5KRcBb1mhXq8jEzqaujH2
847,knewhamni,wolochanni@pagesperso-orange.fr,$2a$04$F8kdIs9RdAxwHjo78m6ore8XCnUgzN46MuqUKdd6G07A8OEboxGki
848,khowsenj,tmoronj@issuu.com,$2a$04$O2oZ5CHsK1SejQ4G6pn90.gFUxOU1hV/NXvMe9FFVRgJEc2Ex5asW
849,ideverenk,alangdalenk@slideshare.net,$2a$04$ElXqmyKifMS8TGeHAx8jpOdS/cCjX7cHISYRTXH92WRrVFlNALcgq
850,ntoffolettonl,rlygonl@multiply.com,$2a$04$C2Q6dmu7MZLL0z9NgAxxw.to0LtvmcJ7w/PHMuVzCMERk6tApYdV2
851,btrahearnm,cgallahernm@hexun.com,$2a$04$kBvPNaEzNqZN6H5FHaSu/OtO3pnlpLvobqzptnl1cT7YbLIWZgydO
852,rambrosininn,kalcottnn@moonfruit.com,$2a$04$4Fr4ZRfZ/RnE6IYGAOiSl.h8zzLZFXp1LL.HK0kWNBagx/.I8gWuq
853,ngierokno,gmatticcino@msu.edu,$2a$04$A6Ji7Yzxlc0cRAvP/ldCkuDZfHMki.MzAA7nOt1/gXobjjnK40qda
854,akitchinnp,opiggennp@networksolutions.com,$2a$04$P22YJkCv8U0ELu/63nzcUOm/iPXSKJafCvmCKxmHF8vXWTDxY0dHO
855,ccoppledikenq,bwagstaffnq@opera.com,$2a$04$qqy.omL8xVvG.8Pxn93AIeOkG6hjs6/3tg4FHSTpHKYqwO3vxuH/e
856,caersnr,mtisonnr@google.pl,$2a$04$dg7M87JdZ/8mQgy2C.KbPuc5n1Zh0BNwFfjCfZ.KlCGS9r9obn/Cu
857,ldooherns,astothartns@theatlantic.com,$2a$04$urq96n4fmEEQcg.6/BrkqeCOHQc6biTPLVJqs8.LX69qj7YxFAHNu
858,ejohanssennt,uimlachnt@list-manage.com,$2a$04$oUx3BZPhNQrClxg.GjGmiO5AzFBKouVsLDI3ECT1yDb8qr3/q6/9a
859,jphelipsnu,wbiddlestonenu@gnu.org,$2a$04$dpyAAwIbX3ToxEEUcc/51e/Edpuxx7xI4mdQtpDFhZ4PkKhMLC7h6
860,cpashlernv,cbellaynv@alexa.com,$2a$04$46f.5hfeGialFXsMKuo2uuKECJqTqu6yOnY55f85Z/sBBeebKv5Q6
861,gmackerleynw,otompkissnw@mac.com,$2a$04$irZYZ.K/MvPVeeYGmuJvgucVBaHMCl8lzCxylaOuWCsiucmW24opS
862,bfortyenx,jblomefieldnx@free.fr,$2a$04$fxi8B3MUojwabocAUxEIQe0H4nbAyIrTm0GNiCjJ/V6avnOozudmC
863,bsangony,wmoffattny@yolasite.com,$2a$04$n3HZ1LXdWl/lQ/r5Z6xp7eiUbcmXWm5tgfLmw40b/PfHBOvftrTyu
864,lgoodrednz,kbeamissnz@fema.gov,$2a$04$4grHnwrqKIiHb4Awu7cbpeXdnQnnyuqp/ESFNHqaxsOzPCMs6i8nO
865,vweatherleyo0,khelleckaso0@yahoo.co.jp,$2a$04$8lQhsdEF95IMpZpQE20Wle9Rk.zNiKGT7TUR.J74bpNzk6rHBtdX6
866,moubridgeo1,slegonideco1@geocities.jp,$2a$04$8nHzomJPbwvw/47/xuhGqOLSGu7n4QXgKPGX/2ZBoHNLV7VNvppuS
867,gnunno2,hdawbero2@godaddy.com,$2a$04$lYS1VccgT063ubW/9m16CuhH7O.h117Aq8T/Q/sSJL7kWLOw0Dm6G
868,ccrocio3,kbartloszo3@github.com,$2a$04$Ji/Iy3.Qv3mgQ/IR3yZycu73fZqdxKcSaQ/YZOKc6ZzkiPJLrd.Li
869,rbruckshawo4,vcleavelando4@google.cn,$2a$04$mIVHcDFDox9ovmQGEk6d7.VUDwklTtAjm4cMoc5aTsmgYUcBr0E.S
870,dpetraneko5,jcorneliusseno5@va.gov,$2a$04$9f6ZukEVN3tAa98tTANsK.GFhBb/BKJ1fEUnFtfzzN2QpxK6iedyy
871,eminardso6,hyanukhino6@usatoday.com,$2a$04$42PHufcjGFShoLPxkRaSPeaJBleUJYPm/54Kxcny2LJ5S0VtV74K6
872,dhammondo7,tsouthardo7@digg.com,$2a$04$Ye6pfxFMgm9mzMmtv3Av6eBIzPTu0p8TOZWqlhrtjHcWUdcebkrbK
873,gbeaveso8,gvaaro8@ucsd.edu,$2a$04$rm3UE1bNhLCb3PEA373qU..yhMurG9P5u7FV29Jy2wFNzvbgx67kW
874,dnunnso9,vmatscheko9@bing.com,$2a$04$817RX8QT1r4G7NA3yW8uXOG8vey2ur5OT04WFWOrxXDLil3Yif0bm
875,kboyeroa,keidleroa@census.gov,$2a$04$IXQr5O14ICoGB8NRFm/YbedtpIQwm1vUDxqJDnuhanNNMpqR/QikO
876,rgoggenob,osheaob@merriam-webster.com,$2a$04$RFJjU46fHlfFEbZr8nCYn.laP5yT4iUdoobO4y6HrX4UV8b.S6jWi
877,miacopettioc,revendenoc@comsenz.com,$2a$04$YmpdYpIzvPnq3DHjhqWCieUWNtj0Ixq21RbjIGLYT4PlGTYdPOqrm
878,chaughinod,ahampod@ning.com,$2a$04$20CWTUpFUoGyKatFxMCyzuxbmlGI2.mCsQIfieWAEsatKEeNZN9Fy
879,rummfreyoe,bsushamsoe@reddit.com,$2a$04$oYaTFHZoLWn/jN8ws7/h0ugX0QNXIieaYCnipX56bYfWH9XIkq8aO
880,vandrenof,ltrevainof@istockphoto.com,$2a$04$a44zQk/bQdcrrBAqbevhFOUaHMdjnTR3Dvr8ztSz9Kh9x5scbT7U.
881,ddanelutog,hbarrabealeog@merriam-webster.com,$2a$04$3zhZxWxJ0nAxr2LNpyCHKevEX6NQN4ApuLhfR6d7H9qqUScceEVmC
882,cyeooh,mmacscherieoh@ustream.tv,$2a$04$5L5DuafOwyf0KlIeXboade1sY3KDYJ0dvdxJ5znBYk6FSCSksS8/2
883,skeseyoi,csomervilleoi@alexa.com,$2a$04$Im8LSs/LBt4MBHp72a0KS.a29nZoxPYiUrai2v3EDjnAANBDJQTLC
884,acleveleyoj,lbloschkeoj@cargocollective.com,$2a$04$Wm0kPijG9YgfGjB02S7.qupQf/mnyh4TX3FAaYvGcPIf6yZDhugF.
885,lkeywoodok,bcanterook@godaddy.com,$2a$04$ek4OtFhRj2iSMXLJ3AJy3e3m1PQQbPwfU5ALZHs7iwmr9woSWi3Lu
886,akenwardol,cbazekol@psu.edu,$2a$04$72x/FibqgHJRAwnLmYXZQOukeXJqgj5zXr1MwJZ85giRMCh8y26nC
887,btocherom,nyitzhakofom@chron.com,$2a$04$tIffkcw4BCEX05YpKvLqAOIdcMMFHq1PbtswH4Scf6oaNIQMAzaWi
888,asatfordon,bjanodeton@sogou.com,$2a$04$Mnqq6fR95EXH/i8Sq9UzZOr.Gab/H/DkiGl3FCuendOE2hEqS5GNW
889,cpaszakoo,smorkhamoo@google.it,$2a$04$ubUjhtk24z4ccfgkn470SeUJD9JhKfQFmftVPdHkAY4/np26Pdosy
890,etonkinsonop,akienlop@ca.gov,$2a$04$vvlBjaSGEncRO1NHoM5ppeofOWSoQd9wX5Z9LFFaHqXp3dOUtHISS
891,lgillioq,awerlockoq@networkadvertising.org,$2a$04$F8MQccED8ET3LozWBNReBOr2ohkujRKqLHIU5ZvuJZ1iQcV732T6q
892,ethomassinor,nguitonor@deliciousdays.com,$2a$04$Qrn73t2iItaHcTLJ4/3cDeYKHJczczOKJQb/.nPPQTR.RAWdVA0pa
893,tstoopos,mflahyos@hibu.com,$2a$04$CPoiIjlxGlMPjHzM1pFNBugSFTpedhuNPpolFAnX5SwgE07O1r0ri
894,ychittemot,vguynemerot@umich.edu,$2a$04$5tYRj5pZYyN/1/lBeLB0IeCDGXO660jKrTseeIypfyAUyQE.Btrd6
895,rjenessou,bchislettou@mtv.com,$2a$04$WWCI/y0uylKxOBElnxaoSeRYRdEUEAY/X.oes9Vg87B4FjwmAFZsq
896,ayurkiewiczov,mmcgaviganov@cdc.gov,$2a$04$Nsmzn5QHU21NOqe7u9r9nuxoC1R6TweSpQafeBJMeXwO2br3PvIzG
897,golivetiow,rbendareow@msu.edu,$2a$04$1Xb72/zGmXJbYxYEISgCjeEO4QMrHi5c4kDGAbvOPK0WG4RU0rn9y
898,gtriggox,ebrounsellox@google.fr,$2a$04$XxFx5WZqOg0gSyx98Cj3jOllhxGf22Mxs4YOiDmmXNl/uk1XzK25e
899,bpringleyoy,bleathersoy@nydailynews.com,$2a$04$p50P.9QFWbQJsKe.wJeI3.813bR/VKLieZSVQ4HzokUOfI7ZBGWOO
900,blaurencotoz,gsauraoz@smh.com.au,$2a$04$g6hhgNeDcfUHC7z6ACCVCOhDw/k4scfR93izejX2dX3q72kLqTa2W
901,rvivyanp0,ltyhurstp0@stanford.edu,$2a$04$JQ9.yeZLp7BYcLACXz0rkuRJEaeuIdK3asoJJU0MoQzW75oq44FAS
902,rfreanp1,turwinp1@spiegel.de,$2a$04$3wwO7cwyeqKMAxq9UmXSzO.mj08U6Ij5MqxqG8bij072F2cY4/TfK
903,tmongainp2,llaightp2@infoseek.co.jp,$2a$04$ULLXldPBHpN7qPSPIfJ9TeH/YepnUcTq2RKUcl4CIIA0b3XhNJ8oG
904,lpiaggiap3,ssartainp3@ycombinator.com,$2a$04$BskexSECdav6Y8BeEZvXtOLEKJf0esukgGZf9iRrKJCAVFBRWq.u6
905,gskirrowp4,amobbsp4@ucoz.ru,$2a$04$yakQST54UbtRfEkcvrFEF.IXlYMEeMmRDiqRs4wYVNYwdcYqVDWuy
906,pwintringhamp5,ehainningp5@prweb.com,$2a$04$ad8aSuYWFoSgjIO60bBQAOSTooITujsjs9aCOgMyJz7SpoROQ9l4q
907,wrameaup6,cellimanp6@miitbeian.gov.cn,$2a$04$ULL.5Ri3GUsxfEVY5Vm0Z.E.Dggc6ddc9GTX4zpusFeRq3W2XV/qO
908,igregolp7,cbesnardeaup7@ucsd.edu,$2a$04$JhGQARkoQJfnRBQTd22V7.ZPDtj8.DWUttDj63VQDTf7YFrA92qTe
909,amcgebenayp8,dbiagip8@blinklist.com,$2a$04$1t5STHq2W2vlo9SQ5q3Gp.JbJWxkMWUXHlz4gZ4f1vpPD1p.aIlJC
910,thonischp9,gskahillp9@comsenz.com,$2a$04$3r6ARYS0D0MlGzr3iNsl7eSJKPTOjI1rCvYzC3jKmr/e3gK3/4Fe2
911,mbrettorpa,mballaypa@independent.co.uk,$2a$04$O6VaNraMexPqkj6UUGymyOCBVZdlE7bfwyXeK1KdVGZ8WAE5W0P6.
912,dnelliganpb,dsherewoodpb@cdc.gov,$2a$04$MkOcAVj9GyLoYONHE0ssNObUpI0c96hKnqLFyxRadYhfGZSyEP2tm
913,rdymentpc,lgasconepc@cocolog-nifty.com,$2a$04$sshBtJsbvb2one4vDyoRNu1pjpWNCFJ682TbznJN/X7MVI3GYu9o2
914,remersonpd,mhousegoepd@geocities.com,$2a$04$XPZKmk7GKPJgrHUS3RUWRec.qCIN8zxCzgC6i/afnZGLOU6V.WAhO
915,twestropepe,hbricepe@ifeng.com,$2a$04$tzF0oonbOUhl.w32jpsyVO.hSHvq9GdCBOanFuXvf9KY2h7qS7AMO
916,reasthampf,dhodgepf@sohu.com,$2a$04$GU9le40TTSaqu9G0qy52K.quQkhuDRy340GFSmafZ6LxCTxRNoDSi
917,fknollerpg,lprobeypg@google.it,$2a$04$yWFN0neenX0AMacRkzEa7uiSe7Jzq2uD/DaZfcGDH.TZhaUtg6z.q
918,cclaremontph,cedmondsonph@biglobe.ne.jp,$2a$04$02JIXs9LKYsXy5AA3jIfR.JSdL02WSlUb5M1yexVCvv3NgDLSogbi
919,etorresipi,ptointonpi@youtube.com,$2a$04$/FOcUOUWvN1lu.tCIwVBR.J3W3FpofWinzIkOrecRtDtpiitavMbO
920,wkeizmanpj,rbrettellepj@arizona.edu,$2a$04$NDvAU3gg/pG2gRoRl2EjO.vyfeXcr1jnjX.oU4G42YCXPyhQRQHtm
921,mgrannellpk,nholywellpk@patch.com,$2a$04$u4BCaMQwI5QdM5jrlOZwYukW7NSPdY0gzjfDI3HPsdATuvOXPaj.a
922,gamospl,bvonhagtpl@google.ru,$2a$04$c/vEvafPthvyk4l4nWkrQObt.HeOnHkzMPrAgiPb5KyF.C7Rq8YR2
923,rflamentpm,rtuckwellpm@fotki.com,$2a$04$1fSiSuboCxRCsl52BlodU.3vs2.cX1NXTgahUkfBltcAc4.NindeO
924,aglenfieldpn,tbuttpn@upenn.edu,$2a$04$Fqhh.Cf31V/cWDVPDfaNnOx2PgfHlwzrCbY6twgh3Ls0LgJpxAx1K
925,dpilepo,lpikenpo@odnoklassniki.ru,$2a$04$1u.wpQge7FoGMJGCFMQ7VOIPeLjhvY1yJqPImVj2qw90d9OV.9m1G
926,dbeckerspp,fbeldompp@shareasale.com,$2a$04$071AXq7meHiOHGQcgyrNkuGyx7.6DUmGTOpIaJU9TmwqQzHqRhg.i
927,jtenmanpq,fvaseypq@xing.com,$2a$04$DstXbGm5MYJOcCAzkQs4lOkUt9znvrgUygPbimA391ILC5twykhn2
928,ngoodierpr,cgoudgepr@miitbeian.gov.cn,$2a$04$CeYKNWVWIomnSK8wyNvQQe48jZRY5ui752hI4w6x/KXGDZS038Db6
929,abowlingps,bvanhaeftenps@behance.net,$2a$04$vRrdhwlqN150O.lMTB1nfu1AElB2FkoT8rmfDLBnffO1yh8uSOHAC
930,jferrelipt,cmccullypt@google.co.jp,$2a$04$TXoMSC3qhm0t4QLNf3Lz1OwMdvaT2ET0C0Dy18mqqoIrK9CmAvW0O
931,salbuttpu,hneillanspu@privacy.gov.au,$2a$04$jFqLYFClJJSFY.q85rDUSu12h7V/D2KVrUAvWFp3LLusnFZxVotxu
932,aburcherpv,iredanpv@nhs.uk,$2a$04$yW1Xj/dWjXh0sbb.9S50EObVGL7mIF349La9B0IDYwQoXnCJC5CR6
933,acervantespw,dgibbspw@webmd.com,$2a$04$risHFT2yhMoUgfEvukNFCu7ND1hKbk2e/DXImCfYI9OYs8e2XLkoe
934,telrickpx,dtansliepx@sakura.ne.jp,$2a$04$NszvDC8RllCB5wtHlc1Noe//Hw14rDFMeoh63OI95HvUX7TifoyS6
935,hwilmottpy,kkluspy@themeforest.net,$2a$04$jyUVqXGM03QH3yXjOK6QtOt84CJ9Sgbc0iptEDxfTTfW65JPVGg6i
936,apailinpz,nscuphampz@reference.com,$2a$04$Q/S1EbwBX1MKsCH/fgL9NO3LmGb9BHhVPEKpU.GdGfkPzZ4PdMU5i
937,dsamworthq0,uduchanq0@trellian.com,$2a$04$vILMXV9OoiUT05oTgKFrqO2TMPC6iIO/2SwImkkvlGMgVzYhZmQ7e
938,esteelsq1,jpaxmanq1@berkeley.edu,$2a$04$9iWd6vTulez2KplWtuxtTu8ldu86Zevb8ZmT2VNMAWIukQuazYgle
939,bgrowyq2,gtoshq2@themeforest.net,$2a$04$E/SNAeB9dkiKnIyRvr.kVe8Ftxh9mINODpgS8e7OTPfvsZX/zWCli
940,ksuttellq3,gruncimanq3@ca.gov,$2a$04$5SmAlJvW.jEnDqoTVcCKz.mIc/Syv.kQhNYuNptt/d6d1bOgshvnu
941,tcaccavellaq4,kstrattonq4@bandcamp.com,$2a$04$8s1GxzLYu/FdyAQ5IGSsA.8IIadl0MF2D818krip8gwV3k5B6wi2K
942,cnorvalq5,dgarardq5@angelfire.com,$2a$04$QaOJ3WQQ7WHPLfQ9Xp/gnuRyYt.QQ.hO.KemhAFTK1.FUGakDWZQG
943,mdobbisonq6,mstangroomq6@zdnet.com,$2a$04$mxdRO0nlVjQ6sTaXA3Dl0.N8QNR0QQDYjFv8ejtNJ2wa4xsY1Nj2W
944,oprattenq7,wgrammerq7@naver.com,$2a$04$qQ6I8V2N3f844/Cxgn9.5el4A/nMT121LPV7VrGPkCqDO8MmZLHf6
945,vapplebyq8,hbooleq8@typepad.com,$2a$04$6A8nRP9rknE0Gol7pU0kvuaYqrrhGObcQyGs4k0pTK3D.k8jwLPQm
946,dvarnhamq9,ncabraraq9@wunderground.com,$2a$04$nIWZPFVxUk.5mc4dLUGhGebnjRuwXnpqfg6NinA9kMT0urxFHMfCG
947,mrentilllqa,sishamqa@who.int,$2a$04$aVrtWHk1fIeK0vSJkiAMieu3xtU5CoHpqj.ELS7YVJklZ3EVgn3YC
948,ltrimmellqb,cspurmanqb@sogou.com,$2a$04$EM.YBV8B2ouJr6YQOtvHRO1b/noUC1ZV/k6pqPaityxLFIpW4M262
949,lwixonqc,gbisphamqc@howstuffworks.com,$2a$04$hyF9/00JqW5Xs9krCvJzkuXKzBfUX6Jh3pL76MKEhAgYGdipoWhpG
950,mdunabieqd,lcattqd@mail.ru,$2a$04$btNM3.mRp0o8AdJsZPFFuujXekvMIfDJo4rnanVS.u3E3uS7rw1xK
951,tkobierieckiqe,amalyonqe@census.gov,$2a$04$Ngd/MMbrBRoa6NJK9udqiuiNZhjMRNRqCOF7hMhylllR39CgqZhsy
952,jinceqf,fbainesqf@shutterfly.com,$2a$04$gZ7JrWc2tkg1bAy.10P60ewKL5S2z78oF0FHjwg22s85/bznkWBXy
953,ebolderoqg,kbelvardqg@tmall.com,$2a$04$V5/eLdV/3dUeVancLd9H3eAM7OMeb1YjnkfWbGVtYkW5T7by38JAu
954,gjedrasqh,wfacheqh@netscape.com,$2a$04$ESi7Cz3CH/gYm.VaAeWWM.TfXDWct/7nYPqg8H0dvB1hm507o.VnO
955,tandrysekqi,pberrimanqi@webs.com,$2a$04$br47XOPYhHJX06ZEMqwyX.yOHEuMt3WdEQ3TVLep39j3b5BPlCzUu
956,ckenningleyqj,ccastellsqj@weebly.com,$2a$04$PiB7JwR11aXGUSQL6I83FeUE2VGci3RIlHyxAHOR3mzviK9fs94gu
957,ebealqk,bharlinqk@joomla.org,$2a$04$rg2AvKVbDX6Rxa2tZ4C4jeGEP8VGaHC56YZ4gbrEEfEe8CRkblPUO
958,amactagueql,crodgierql@si.edu,$2a$04$oJzZ7dTiieetJu7JuhBm/eyIgUJ4bBkYBufVI2t5CuN/OXVLXE/J2
959,gyokleyqm,floucheqm@i2i.jp,$2a$04$9lt6GAM9dpSUd.Pqi9ySoOSlUDFj/0gk4wK6jaOxAzpsgBErFmIkO
960,kcuddyqn,sstrelitzerqn@unblog.fr,$2a$04$3p0B7CROq58T9Btqmc1To.Edb2LSGo9Jpgqg2wAD4gblCfUiOHUlK
961,agotchqo,amadgwickqo@google.com.hk,$2a$04$w66mBu57fz3RkJGlW4z50.Hl393gLwQ3PtSAh/i0w7zIVA4TpCQOC
962,cwatsonqp,jtheakerqp@pcworld.com,$2a$04$U67D1DH0YtLTFHQC3x24MeFsBgzjgugi4Z5RuaOU8dlyqIumUe8Qm
963,dmollerqq,ssherwenqq@apache.org,$2a$04$I6JXvAcbJ.tti7xNDf2YyudeNK.mVHI1zqRYqsK7BKqpSj75VTBpK
964,dcrawleyqr,jnovotneqr@ucla.edu,$2a$04$4ufpDQsYm2FU/xfqvzhbzOzQGA3RzL59RG8QysToLBt/YOI5yn/q2
965,hpayeqs,sbenzqs@tripadvisor.com,$2a$04$hDKyfK/FlTthZxnisA8.E.wJZ.QHPSegqHftwz7GuzIhMelRwg4Km
966,whendonsonqt,tsafontqt@woothemes.com,$2a$04$Y6bDEYmhEaoG50Ouu61hC.hKm4t4Xrcxb43L.CVt6zDWK70AlWOge
967,cbenaharonqu,tpaalqu@photobucket.com,$2a$04$abWZduiVS9rxMMHtuGkrX.IzgqnWGYfAy7SKtnWQqS3yRetnHLk5e
968,bcainesqv,igilliqv@gmpg.org,$2a$04$jaut3Z1BPbBW8hDYVV38fOK7BFAb4vpHq95nU5hcrIxuscHOVrDBy
969,cbourdisqw,xbecklesqw@blogs.com,$2a$04$yuB3aJ.MvGZWOiokwF2A6Op8FQ/YlFddzyeQKG.z.rZipryv.EKg6
970,lcollarqx,ewhiteoakqx@ucoz.com,$2a$04$E9.CeStPXWiPK/pJ8ndJtubP3XJoWzeUkSfAt9eVw35jQRbLRoXW2
971,bvaneevqy,kmacgilleqy@usa.gov,$2a$04$jbedw0RPRU5ECYy1LMLmA.Mi2O/7M8GIm3N/eusLwML/hNlV65wv2
972,hbendleyqz,asimondqz@admin.ch,$2a$04$pncVf3H84R4Kp2tMKiLTPu9cgVixGBG4I1QNX7uQ7CK7Id5RM/SiW
973,bgapperr0,pverlingr0@unblog.fr,$2a$04$Lmmz.ZWD.5aSIYQBIqrG2eWJQyjZw6fFX0VzyAJoQizFEwaB3bDNG
974,cthoumasr1,pmardellr1@edublogs.org,$2a$04$.gu11nkKcwOUNUgF1w4ch.A01/3tMJCR6LHieSWdjXbItWYjxQgCe
975,lduchesner2,nbroinlichr2@google.com,$2a$04$l0p0WWOwWTc76fjlYQgULuB4OO2mYQiZhX0dg/nPgQTu6yQwPlBhq
976,tcaterr3,modohertyr3@youtube.com,$2a$04$u.QzEFZZiAQhGbTiLvF0.eI2GsQE5fHPeza2dxCMlQ1uN5eLcRGzO
977,sgrabiecr4,pyabsleyr4@sun.com,$2a$04$Rb6Z5NupAMnX6F6cXxGZaOsVonrxjk5NnUb8gC7LIJWSSLXqSDXYG
978,egiacopellor5,elinayr5@people.com.cn,$2a$04$7SBmdvRU24qddfl7FnTZhuS9IjTan/Kxtw2LsHq.i5ZMFTshBTkJW
979,hbloggr6,tsaltmarshr6@squidoo.com,$2a$04$MZPmiDDXBlhlwGP10u/l/e.pFCsnk5ERXc9yGC5R.zZfT9tTRKENy
980,pallwrightr7,amullaneyr7@dedecms.com,$2a$04$opqOVM9DPan6ZA1mSWn8HOIfo383HilNsxRD5OZVUOwIwLHUtcShC
981,nlapthorner8,cconingr8@thetimes.co.uk,$2a$04$TsN5xNrHqERIKzaIBciGjOSW91440RkdfUZgxRbkYj0kYRolyJ7pi
982,mlandisr9,bstuddertr9@marriott.com,$2a$04$XxDwI1Z9PSZFuvLYIbIeH.8yNpyBLT8w8HFNoCsw5hiEbp7tN5uHK
983,rhaylettra,mwillimontra@skyrock.com,$2a$04$kDFGLsC2cg.4s3WGpuXybuOdzhHQyo5xL4Y17P05kEs08AEwZLL5W
984,lkinforthrb,jjeandetrb@washingtonpost.com,$2a$04$Z0xYXqE8KZ0lwiyva27AL.vIQsFYMJEX9Yo6LY6fbfCofkA1Sxy1e
985,rclerkrc,grobleyrc@mapy.cz,$2a$04$iSHHYx0eD612lPbO05p8bu.OkfEr3BlgIZR7GGC9vh7hVrNN2KKoO
986,livesrd,rwharramrd@dailymail.co.uk,$2a$04$BBfzInCFxxbsZZrOMJEw2ODZ9UxN5IT4N7vXcDZZXzJ8cXvwUnxq.
987,aferrarinire,chinnerkre@usa.gov,$2a$04$L5MFtC3o.mPg2kmzIOXm8OMQ5cyFNTGkI3xlyteh4GJdKF08yTtfi
988,tragbournrf,kvedeshkinrf@privacy.gov.au,$2a$04$wsqOaCDx67Hy1OvHb9252.aQHt2m.o7gkSXqGCAs6x0AM9nUtQwU.
989,nharnorrg,lrawkesbyrg@reddit.com,$2a$04$JIzFswfDenW/AJqaMhIarOnI0nR5llrEt9cyV1MXP7pHEoQHPOCPC
990,emorterrh,esurmeirrh@google.pl,$2a$04$ERiWS8n72/.HRw7/2te8QOLurZ0yrgcZr0tJ6ljZS4uic6BjqOi7C
991,bboerdermanri,abraybrooksri@microsoft.com,$2a$04$eRB1xzesa8xuWStLyFIdP.cSEaOhEVglTu1eCQ02WiDJXgtD25YGS
992,hbrydonerj,ecrosfieldrj@pbs.org,$2a$04$GMCujZXTxn2zTbkgaatjBus1D7D0U9Q9NFFN2OebkFL.OQ3a3E2H.
993,vkornrk,pespinheirark@mozilla.com,$2a$04$Fd9LuFZbu2U1BlCCKnznhOUlj0/SmpbdH/T/33BWOjRPEZ1DMAzMa
994,vfenningrl,ebarberrl@comsenz.com,$2a$04$ixaMbbJ3kV5GF0qlqpESyOh4G1R9OgfC1TCds/kOecmBWY6Tdu1o6
995,tmiskinrm,awalczynskirm@hubpages.com,$2a$04$4kyeIXFIxwYZJcsWpEcbjeVMzetXyWAeplBeVU1YdUsxXy.aSFu9W
996,fmayberryrn,cmccamishrn@loc.gov,$2a$04$u1XoeLlc1GGc/D2CYIOxA.UcdN./Nrk4079pbMpqATRU5SwBus7Au
997,frignallro,sranvoisero@census.gov,$2a$04$UgLqebMKGU5uuJd9iTIpte.5RhSqIcfd88obGYR26VFIfw1mdE4XK
998,hpetrenkorp,mwalwoodrp@surveymonkey.com,$2a$04$BDKr/abjVidii4ZoJOT5yOjXfoMKNjabGf0jNVD06EKgOIuqGIdOG
999,jglashbyrq,rjahnckerq@multiply.com,$2a$04$OOBTs2jvtUsg4/v0LJyJVuI6YAyZkTWAmQUcmHUUQ/CgNuByNGFFa
1000,rchatresrr,tjoinerrr@amazon.com,$2a$04$xV6SghfZf8aWpNkLbBJvCeOppx7CY1GIZjoacoWPYmZXqqg11Ty2S
