library_id,game_id,game_added,game_removed,date_modified
1,663,12/5/2023,5/13/2023,6/29/2024
2,384,1/24/2024,12/4/2023,3/11/2024
3,322,1/15/2024,4/20/2024,10/19/2024
4,717,10/10/2024,5/22/2024,5/10/2024
5,151,7/28/2024,6/10/2024,8/13/2024
6,738,8/27/2024,7/27/2024,5/5/2023
7,934,10/19/2023,10/23/2024,3/12/2024
8,745,9/18/2023,1/25/2024,9/25/2024
9,746,5/7/2023,5/24/2023,9/22/2023
10,650,10/27/2024,10/13/2023,9/16/2023
11,904,1/28/2024,3/4/2025,9/19/2023
12,274,5/19/2023,11/11/2023,7/28/2023
13,26,9/24/2024,2/19/2025,12/19/2024
14,227,4/17/2024,4/23/2024,10/28/2023
15,662,7/24/2024,4/27/2024,6/19/2024
16,422,10/19/2023,6/24/2023,1/20/2025
17,401,1/7/2025,9/14/2024,10/25/2023
18,568,6/16/2024,7/31/2023,9/26/2024
19,210,11/25/2023,10/4/2024,1/26/2024
20,617,12/21/2023,2/6/2025,5/29/2024
21,437,1/17/2024,5/27/2023,6/12/2023
22,627,5/27/2023,6/1/2023,1/11/2024
23,921,6/2/2023,8/27/2024,9/26/2023
24,809,6/15/2023,8/15/2023,2/8/2024
25,326,5/10/2024,9/18/2024,12/15/2024
26,92,10/28/2023,3/16/2024,5/30/2024
27,403,1/29/2024,4/5/2023,5/8/2023
28,234,2/9/2024,12/27/2023,8/12/2024
29,315,7/2/2024,3/18/2024,11/28/2023
30,565,2/3/2024,11/11/2024,1/2/2025
31,946,8/12/2024,9/20/2024,4/5/2023
32,612,4/5/2023,6/25/2024,11/6/2023
33,78,11/20/2023,6/1/2024,6/27/2023
34,669,9/30/2024,11/1/2024,3/30/2024
35,899,2/17/2024,9/15/2024,4/12/2023
36,887,9/14/2024,11/26/2023,8/4/2024
37,429,10/16/2024,2/25/2025,5/5/2023
38,238,7/19/2024,2/28/2025,7/28/2024
39,21,7/11/2023,12/18/2024,8/29/2024
40,860,8/18/2023,6/3/2023,1/7/2025
41,520,3/6/2024,1/4/2024,2/12/2025
42,464,1/29/2025,5/29/2023,8/25/2024
43,574,3/25/2024,2/22/2024,6/21/2024
44,406,7/14/2024,11/13/2024,6/9/2023
45,349,4/23/2024,8/3/2023,2/10/2024
46,755,2/16/2024,10/3/2024,8/20/2023
47,553,6/4/2023,2/13/2024,2/16/2025
48,960,6/30/2023,6/19/2023,9/13/2024
49,55,5/20/2024,2/12/2025,3/10/2024
50,361,2/1/2024,1/31/2025,7/23/2024
51,340,10/22/2023,7/6/2024,3/24/2024
52,565,2/10/2025,11/19/2023,3/24/2024
53,387,2/17/2024,10/12/2024,4/4/2023
54,437,10/31/2023,8/26/2024,9/15/2024
55,693,9/22/2023,4/12/2023,2/8/2024
56,995,8/18/2023,8/2/2023,9/22/2023
57,26,2/26/2024,11/26/2023,7/22/2023
58,657,2/15/2024,10/8/2023,5/5/2024
59,570,6/12/2024,11/22/2023,8/9/2024
60,316,9/27/2023,8/17/2024,5/5/2024
61,784,12/26/2024,8/5/2024,1/11/2024
62,985,9/28/2024,7/30/2024,8/31/2024
63,334,8/26/2023,12/30/2024,12/19/2024
64,253,1/15/2024,11/30/2024,4/9/2023
65,858,3/11/2025,8/1/2023,9/5/2024
66,164,4/10/2023,8/26/2023,11/14/2023
67,561,12/26/2024,5/31/2023,4/3/2023
68,220,2/5/2024,1/8/2024,4/24/2023
69,929,7/8/2024,7/11/2023,12/9/2024
70,918,2/1/2025,3/17/2024,12/18/2024
71,493,2/8/2025,2/15/2025,11/17/2024
72,958,8/19/2024,10/3/2024,4/19/2023
73,691,3/14/2024,9/9/2024,2/19/2025
74,909,9/24/2024,2/27/2024,2/8/2024
75,842,1/12/2025,11/15/2024,5/9/2023
76,229,4/7/2024,6/20/2023,1/14/2025
77,695,8/5/2024,5/20/2024,3/15/2025
78,946,1/1/2024,12/7/2024,5/22/2023
79,141,12/31/2023,2/7/2025,8/30/2024
80,489,12/24/2024,4/7/2023,1/14/2024
81,694,1/7/2024,9/21/2024,11/24/2023
82,755,1/20/2024,9/16/2023,10/2/2023
83,605,1/20/2024,7/8/2023,5/28/2023
84,411,3/10/2025,12/5/2024,11/8/2023
85,316,11/21/2024,9/28/2024,3/19/2024
86,706,2/7/2025,9/29/2024,7/9/2023
87,502,5/18/2023,4/27/2024,12/29/2023
88,265,12/2/2024,12/23/2023,2/1/2025
89,983,7/9/2024,5/4/2024,8/27/2023
90,675,6/8/2024,12/22/2024,2/28/2024
91,514,10/31/2024,5/31/2024,1/8/2024
92,857,11/1/2023,11/3/2023,6/1/2024
93,105,12/9/2023,11/8/2024,5/1/2024
94,888,6/12/2024,1/28/2025,5/12/2024
95,860,3/31/2024,7/18/2023,6/14/2024
96,435,11/16/2023,4/18/2023,1/21/2024
97,129,7/24/2023,9/27/2024,9/11/2023
98,388,3/22/2023,11/7/2023,6/17/2023
99,656,9/9/2024,5/17/2023,5/16/2023
100,517,12/18/2023,7/22/2024,11/13/2023
101,964,2/23/2024,1/7/2025,9/18/2024
102,385,2/10/2024,5/28/2023,9/14/2023
103,824,11/13/2023,10/6/2023,2/17/2025
104,281,9/1/2024,2/5/2025,5/28/2023
105,160,8/6/2024,2/6/2024,10/3/2023
106,982,3/8/2024,7/9/2023,12/2/2023
107,898,5/14/2023,11/25/2024,11/3/2023
108,793,12/28/2024,3/5/2024,9/26/2023
109,373,11/2/2024,10/25/2023,7/18/2023
110,255,5/13/2024,9/12/2023,9/5/2023
111,940,6/22/2024,9/8/2024,12/29/2023
112,228,10/11/2023,6/24/2024,1/25/2025
113,642,2/7/2025,4/7/2023,4/15/2024
114,709,12/11/2024,8/21/2024,3/23/2023
115,692,6/3/2024,1/14/2024,1/4/2025
116,686,2/26/2024,5/4/2024,4/26/2023
117,123,10/21/2023,8/12/2024,10/5/2024
118,106,9/28/2023,12/27/2023,12/22/2023
119,204,11/23/2024,12/29/2023,3/24/2024
120,65,2/5/2025,5/7/2023,11/14/2023
121,583,4/22/2023,10/4/2023,4/9/2024
122,404,5/26/2023,10/5/2024,3/9/2025
123,288,7/4/2023,5/25/2023,2/25/2024
124,329,6/12/2023,11/23/2024,8/4/2024
125,244,12/28/2024,6/9/2024,6/12/2023
126,806,4/7/2023,4/21/2023,10/8/2024
127,885,4/15/2023,7/15/2024,9/3/2024
128,856,6/17/2024,11/12/2023,8/1/2023
129,916,7/9/2024,8/23/2023,1/3/2024
130,255,5/16/2024,4/20/2023,12/29/2024
131,741,12/11/2023,2/28/2024,12/29/2024
132,450,9/17/2023,2/12/2024,11/29/2023
133,675,9/30/2024,1/26/2024,2/16/2024
134,879,11/13/2023,11/17/2024,8/17/2024
135,389,10/26/2023,9/9/2023,9/19/2024
136,493,9/20/2023,12/24/2023,2/12/2025
137,589,12/6/2023,4/2/2024,11/25/2024
138,154,5/7/2023,8/15/2024,9/14/2023
139,774,4/2/2024,12/26/2023,1/28/2025
140,995,8/1/2023,12/17/2023,2/5/2024
141,348,4/20/2024,12/23/2024,6/10/2023
142,378,5/13/2024,3/23/2024,7/6/2024
143,79,8/27/2023,12/28/2023,11/27/2024
144,619,4/11/2023,11/19/2024,5/22/2024
145,10,4/22/2024,6/23/2024,5/27/2024
146,75,11/29/2024,7/30/2024,4/15/2024
147,628,2/5/2025,12/21/2023,6/12/2024
148,755,3/17/2024,1/20/2024,2/5/2024
149,561,1/21/2025,11/2/2024,6/25/2024
150,441,11/5/2023,6/22/2023,7/2/2023
151,885,6/15/2023,8/25/2023,9/29/2023
152,960,3/3/2024,2/11/2024,9/28/2024
153,125,10/6/2024,1/21/2024,7/10/2023
154,4,8/5/2024,3/24/2023,12/29/2024
155,614,8/22/2024,8/31/2023,11/26/2023
156,393,11/10/2023,8/11/2024,1/1/2025
157,29,7/1/2024,12/11/2023,1/1/2025
158,138,5/21/2023,7/28/2024,6/27/2024
159,904,8/28/2023,8/31/2023,1/16/2024
160,660,1/5/2024,6/7/2024,6/12/2024
161,286,4/30/2023,4/21/2024,1/11/2024
162,525,9/23/2023,7/29/2024,12/29/2023
163,587,11/28/2024,2/18/2025,9/8/2023
164,900,6/18/2024,10/7/2024,3/14/2024
165,553,7/2/2023,10/20/2023,5/18/2024
166,842,4/14/2024,5/15/2023,8/20/2024
167,388,3/1/2024,7/2/2024,1/30/2025
168,527,6/12/2024,6/16/2024,9/14/2023
169,975,7/9/2024,3/22/2024,7/6/2024
170,504,5/26/2024,6/30/2024,7/23/2023
171,242,9/22/2023,4/19/2023,7/9/2023
172,533,9/6/2023,8/26/2024,7/30/2024
173,616,11/29/2023,1/22/2024,12/24/2024
174,648,11/5/2024,5/25/2024,11/20/2024
175,881,4/14/2024,9/5/2024,8/18/2023
176,845,1/9/2024,3/1/2025,5/27/2023
177,671,10/17/2023,10/22/2024,3/22/2023
178,494,4/11/2024,12/24/2023,9/1/2023
179,68,3/9/2024,4/30/2023,1/20/2024
180,515,5/9/2023,6/26/2024,3/12/2025
181,304,8/5/2023,11/2/2023,12/14/2023
182,210,9/20/2024,10/4/2024,4/26/2023
183,917,11/19/2024,3/29/2024,5/20/2024
184,444,9/15/2023,3/15/2024,12/11/2023
185,159,1/28/2024,10/28/2024,3/22/2023
186,923,5/10/2023,7/8/2023,7/8/2024
187,969,8/12/2023,6/22/2024,8/7/2024
188,705,5/30/2024,1/27/2025,11/15/2024
189,903,3/15/2025,5/31/2023,12/22/2024
190,339,12/29/2024,11/2/2023,2/18/2025
191,893,11/22/2023,1/9/2025,2/9/2025
192,259,12/28/2023,6/13/2024,12/3/2023
193,413,6/28/2024,10/8/2024,1/26/2025
194,513,10/10/2024,12/2/2024,8/4/2024
195,789,6/6/2023,7/25/2024,2/11/2025
196,895,1/22/2024,2/5/2024,3/9/2025
197,892,9/12/2024,10/17/2024,3/20/2023
198,488,7/5/2024,12/30/2023,4/28/2023
199,134,7/27/2023,9/19/2023,8/8/2024
200,961,4/29/2024,9/27/2024,7/15/2024
201,417,9/16/2024,4/6/2024,6/10/2024
202,950,11/3/2024,1/15/2025,9/22/2023
203,951,7/9/2023,12/28/2024,1/16/2025
204,260,2/11/2024,7/18/2023,1/25/2024
205,768,6/16/2023,3/16/2025,2/10/2025
206,717,2/14/2024,9/8/2023,7/23/2023
207,431,12/14/2024,2/16/2024,10/8/2023
208,178,1/23/2025,10/16/2023,7/10/2023
209,145,1/16/2024,10/24/2024,3/6/2025
210,862,1/4/2024,9/2/2023,1/20/2024
211,222,5/17/2024,11/26/2024,12/8/2024
212,254,4/23/2023,2/29/2024,1/19/2025
213,552,4/18/2024,3/7/2025,8/12/2024
214,807,12/3/2023,4/21/2024,10/15/2023
215,564,6/14/2023,1/3/2024,11/3/2024
216,451,11/1/2023,10/27/2023,10/30/2023
217,950,7/16/2023,10/8/2024,1/14/2025
218,774,8/22/2023,10/13/2023,6/8/2023
219,469,3/25/2024,1/3/2024,10/24/2023
220,678,11/6/2024,3/29/2024,11/14/2023
221,763,3/16/2025,8/2/2024,3/22/2024
222,490,10/30/2023,3/2/2025,10/8/2024
223,121,6/27/2023,8/2/2023,8/31/2024
224,86,8/20/2023,9/5/2023,2/11/2024
225,391,10/17/2023,11/16/2024,2/24/2024
226,209,9/24/2024,11/24/2024,7/14/2024
227,240,3/31/2023,5/28/2024,2/19/2025
228,712,9/18/2023,5/16/2024,6/13/2024
229,203,12/21/2023,8/9/2023,10/18/2024
230,173,3/5/2025,5/21/2023,2/2/2024
231,40,6/13/2024,5/27/2023,10/11/2023
232,992,10/31/2023,4/8/2024,12/2/2023
233,900,10/19/2024,12/2/2023,9/27/2023
234,889,11/25/2023,12/25/2023,5/7/2023
235,78,7/9/2023,11/9/2023,8/22/2024
236,548,4/2/2023,3/16/2025,11/17/2024
237,358,8/20/2023,9/26/2023,12/13/2024
238,988,3/12/2024,4/15/2023,2/25/2024
239,69,4/5/2023,4/1/2024,9/4/2023
240,835,9/22/2024,8/25/2023,6/29/2023
241,679,5/2/2023,8/18/2023,8/31/2024
242,353,11/25/2023,1/23/2025,4/7/2023
243,166,2/18/2024,12/27/2023,7/5/2023
244,144,10/30/2024,5/21/2024,7/12/2023
245,173,8/9/2024,1/11/2024,3/30/2023
246,982,12/6/2024,11/14/2023,1/9/2025
247,217,8/5/2024,6/23/2024,3/26/2024
248,97,2/18/2024,3/26/2024,12/30/2023
249,975,6/12/2023,12/23/2024,4/1/2023
250,765,12/8/2023,12/17/2024,5/20/2024
251,177,9/14/2023,10/11/2024,5/7/2023
252,723,5/23/2023,3/10/2024,12/17/2023
253,970,3/7/2025,11/11/2024,7/31/2023
254,415,10/18/2024,11/26/2024,10/2/2023
255,684,7/3/2024,12/22/2024,10/26/2023
256,106,6/14/2023,2/12/2024,10/22/2023
257,293,4/17/2024,8/6/2024,11/17/2023
258,643,9/3/2023,11/16/2024,6/18/2023
259,143,11/17/2024,2/23/2024,11/5/2023
260,600,10/4/2024,12/17/2024,6/29/2024
261,87,9/13/2023,12/29/2024,1/30/2024
262,525,5/27/2024,4/14/2024,1/9/2024
263,109,6/12/2024,10/9/2023,12/14/2023
264,757,8/19/2023,12/15/2024,4/2/2023
265,177,9/23/2024,9/25/2024,12/5/2023
266,174,11/26/2024,1/11/2024,7/11/2023
267,958,11/26/2023,8/5/2024,9/7/2023
268,533,12/26/2023,3/5/2025,7/23/2023
269,299,4/23/2024,3/27/2023,8/23/2024
270,727,7/12/2024,2/16/2024,1/27/2024
271,870,2/20/2024,7/17/2024,10/21/2024
272,242,7/30/2023,8/7/2023,1/2/2024
273,45,12/20/2023,1/28/2025,2/3/2024
274,881,4/23/2024,5/20/2023,2/21/2024
275,754,4/7/2024,7/18/2024,2/4/2024
276,286,7/16/2023,4/9/2023,5/19/2024
277,734,6/23/2024,3/15/2025,7/27/2024
278,398,5/15/2023,1/22/2024,8/23/2023
279,87,9/6/2024,11/30/2024,6/17/2023
280,661,8/14/2024,8/10/2024,5/24/2023
281,877,6/1/2024,8/21/2023,4/25/2023
282,43,9/21/2023,3/19/2024,8/20/2024
283,514,5/2/2023,9/4/2024,3/13/2025
284,447,6/30/2024,9/19/2024,7/11/2023
285,518,12/6/2024,3/12/2025,6/12/2024
286,46,11/14/2023,6/19/2023,4/1/2023
287,534,11/5/2023,7/9/2023,7/9/2024
288,511,3/1/2024,10/8/2023,6/4/2024
289,421,11/29/2024,7/31/2024,5/4/2024
290,631,9/26/2023,3/23/2023,8/2/2024
291,71,8/17/2024,8/17/2024,5/14/2023
292,643,12/31/2024,3/8/2024,10/7/2023
293,700,1/6/2025,1/31/2024,6/7/2024
294,738,2/22/2025,10/16/2024,1/24/2024
295,766,6/24/2024,4/4/2024,5/7/2023
296,547,11/29/2024,7/20/2024,12/4/2023
297,550,6/26/2024,3/26/2023,12/30/2024
298,946,4/13/2023,1/14/2025,12/1/2024
299,661,2/18/2025,9/8/2023,11/13/2024
300,999,6/22/2024,4/8/2023,2/3/2024
301,317,6/30/2024,9/7/2024,12/11/2023
302,859,8/3/2023,1/30/2025,12/23/2023
303,294,2/29/2024,5/2/2024,9/2/2024
304,878,8/7/2024,12/19/2023,7/25/2023
305,536,8/20/2023,1/7/2025,12/21/2024
306,976,4/28/2024,1/20/2024,2/22/2024
307,931,1/22/2025,7/11/2024,2/22/2024
308,135,8/20/2024,10/31/2024,10/8/2024
309,414,4/5/2024,5/6/2024,10/9/2024
310,34,4/10/2024,11/25/2024,4/25/2024
311,990,6/18/2023,5/16/2024,11/11/2024
312,759,10/25/2023,9/7/2024,3/23/2024
313,17,11/13/2023,7/19/2023,7/25/2023
314,535,10/29/2024,3/12/2025,9/29/2024
315,990,9/5/2023,10/3/2024,2/6/2025
316,202,5/26/2023,9/24/2023,4/17/2024
317,806,3/5/2024,8/9/2023,5/16/2024
318,850,1/3/2024,7/18/2023,1/18/2025
319,622,2/23/2024,9/4/2023,5/12/2024
320,403,6/21/2023,5/6/2024,5/19/2023
321,666,2/20/2025,1/12/2025,11/26/2023
322,266,9/9/2023,3/3/2025,1/8/2025
323,194,9/28/2023,3/25/2024,8/22/2024
324,404,1/5/2025,5/19/2023,8/27/2024
325,218,4/22/2023,9/17/2024,3/29/2023
326,883,8/14/2023,2/18/2025,9/4/2024
327,679,5/17/2024,8/11/2023,6/15/2023
328,385,5/9/2023,10/1/2023,3/8/2025
329,747,2/10/2024,1/15/2025,8/12/2024
330,284,3/11/2024,4/22/2024,9/26/2023
331,199,11/9/2024,4/9/2023,7/15/2024
332,951,9/30/2024,12/26/2024,7/1/2024
333,332,5/26/2023,2/10/2025,10/3/2024
334,578,12/2/2024,11/29/2024,2/21/2024
335,726,7/14/2023,9/7/2024,6/5/2023
336,462,3/2/2024,12/30/2024,2/10/2025
337,20,7/31/2024,10/30/2023,3/21/2024
338,375,5/10/2023,1/24/2024,12/25/2024
339,894,1/22/2025,11/25/2024,7/12/2024
340,402,5/23/2023,8/11/2024,3/7/2025
341,42,6/9/2024,10/22/2024,4/5/2024
342,853,8/13/2023,1/27/2024,4/23/2024
343,945,8/31/2024,7/13/2023,11/7/2024
344,331,8/9/2024,6/17/2024,4/9/2024
345,360,4/9/2024,4/25/2024,4/3/2023
346,846,11/18/2023,10/8/2024,12/10/2024
347,613,1/18/2025,10/8/2023,12/6/2024
348,649,6/27/2024,6/22/2023,5/20/2023
349,783,3/24/2024,5/12/2023,2/6/2025
350,381,7/18/2023,3/5/2025,6/26/2023
351,417,1/14/2024,3/1/2025,10/29/2023
352,83,5/2/2024,10/3/2024,4/10/2023
353,604,6/28/2023,12/9/2023,6/6/2023
354,907,12/24/2024,10/4/2024,5/12/2024
355,921,11/11/2023,12/17/2024,9/13/2023
356,799,3/17/2025,5/23/2024,6/24/2023
357,237,4/21/2024,4/27/2024,10/21/2024
358,612,4/12/2023,11/1/2023,1/11/2025
359,460,1/12/2024,5/5/2023,5/5/2023
360,345,8/4/2024,2/13/2025,12/19/2023
361,948,7/9/2023,12/4/2023,8/23/2023
362,46,4/22/2023,10/10/2024,5/7/2024
363,522,11/11/2024,2/5/2025,12/10/2024
364,464,5/29/2023,8/11/2023,11/10/2024
365,329,9/12/2023,4/1/2024,6/6/2023
366,586,5/6/2024,5/23/2024,10/20/2023
367,39,12/12/2023,5/19/2023,7/29/2024
368,598,12/26/2024,3/10/2024,7/29/2023
369,161,4/23/2024,8/21/2024,6/28/2023
370,575,3/4/2025,2/22/2024,8/20/2024
371,336,3/13/2025,7/16/2023,8/8/2023
372,276,10/1/2024,12/8/2024,10/1/2023
373,695,8/13/2024,4/14/2024,8/14/2024
374,256,11/4/2024,11/2/2023,5/14/2024
375,452,7/22/2024,1/23/2024,2/25/2024
376,277,12/31/2023,6/28/2023,10/30/2023
377,158,12/25/2024,3/16/2025,6/1/2024
378,19,11/9/2023,11/25/2024,5/1/2023
379,440,1/7/2025,11/22/2024,3/19/2025
380,787,1/4/2025,5/8/2024,2/3/2024
381,175,5/28/2023,2/4/2025,1/23/2025
382,868,12/6/2023,7/9/2024,7/10/2023
383,47,7/9/2024,3/24/2024,12/5/2023
384,644,8/7/2024,12/27/2023,11/26/2024
385,801,8/21/2023,1/1/2025,9/20/2024
386,242,6/30/2024,5/28/2023,7/21/2024
387,299,9/5/2024,11/19/2023,7/27/2023
388,322,6/14/2023,10/1/2023,4/2/2024
389,27,5/12/2023,6/25/2023,10/29/2023
390,339,7/8/2023,8/12/2024,6/20/2023
391,969,9/3/2024,4/2/2024,10/16/2023
392,250,5/26/2023,12/18/2023,6/3/2024
393,116,1/11/2024,12/30/2024,5/19/2023
394,511,7/25/2023,1/1/2024,10/9/2023
395,767,8/2/2023,6/20/2023,9/4/2024
396,686,7/16/2023,2/1/2024,8/5/2023
397,473,5/31/2023,5/4/2023,3/28/2024
398,405,3/27/2023,3/9/2025,4/8/2023
399,113,2/9/2025,1/14/2024,9/27/2024
400,450,10/12/2024,12/21/2024,3/22/2024
401,432,11/5/2023,7/28/2023,1/25/2025
402,705,8/5/2023,4/13/2023,9/28/2023
403,140,10/26/2024,7/3/2023,5/8/2023
404,357,1/3/2024,8/6/2024,10/22/2024
405,397,3/2/2025,5/18/2023,2/13/2025
406,446,7/25/2024,7/26/2024,10/4/2024
407,312,7/4/2024,1/17/2024,7/29/2023
408,485,8/14/2024,1/31/2025,9/6/2023
409,908,5/13/2024,7/6/2023,6/23/2024
410,204,3/23/2023,5/8/2023,7/4/2024
411,160,7/28/2024,10/30/2023,6/13/2024
412,200,4/29/2023,2/22/2024,11/4/2024
413,648,8/14/2023,4/11/2023,12/5/2023
414,790,5/20/2023,5/8/2024,3/24/2024
415,454,3/13/2025,1/15/2025,1/26/2025
416,287,4/16/2024,5/22/2024,10/8/2024
417,72,12/28/2023,4/19/2023,12/21/2023
418,251,3/29/2023,8/2/2024,4/2/2024
419,600,6/8/2024,12/12/2023,6/13/2024
420,685,4/14/2023,6/5/2024,9/8/2023
421,633,5/20/2023,12/23/2023,3/30/2024
422,412,8/2/2024,7/8/2024,11/2/2023
423,31,5/19/2023,6/21/2024,4/9/2023
424,720,5/26/2024,3/7/2025,6/4/2023
425,13,2/10/2024,7/11/2023,12/26/2023
426,868,8/11/2023,8/28/2023,8/21/2024
427,193,7/21/2023,2/5/2024,11/10/2024
428,14,9/14/2023,2/9/2025,8/28/2023
429,314,4/3/2023,2/22/2024,11/17/2023
430,19,11/9/2023,6/18/2024,4/4/2023
431,115,9/26/2024,10/13/2024,11/12/2023
432,261,2/22/2024,6/10/2024,9/13/2023
433,475,8/12/2023,12/28/2023,1/29/2024
434,38,9/7/2024,4/14/2023,12/9/2023
435,482,10/31/2023,9/6/2023,5/13/2023
436,143,6/15/2024,8/15/2023,4/18/2023
437,448,12/24/2024,1/13/2025,10/8/2024
438,615,11/10/2024,5/16/2023,8/31/2024
439,433,1/2/2025,11/7/2024,4/29/2023
440,240,1/13/2024,11/9/2024,1/14/2024
441,788,3/13/2025,10/24/2024,9/11/2023
442,81,6/9/2023,5/11/2024,10/5/2023
443,247,3/3/2024,2/15/2025,12/30/2023
444,479,3/9/2024,11/21/2023,2/22/2025
445,94,5/22/2024,10/4/2024,1/3/2025
446,818,10/30/2023,6/5/2024,2/23/2025
447,909,1/25/2025,6/25/2023,11/17/2024
448,325,6/25/2023,11/30/2023,8/6/2023
449,677,2/25/2025,6/7/2023,3/3/2025
450,101,1/27/2025,10/18/2024,6/8/2023
451,161,3/17/2024,10/7/2024,2/24/2025
452,485,1/11/2025,11/30/2024,12/5/2023
453,372,7/30/2023,12/25/2024,4/4/2023
454,262,4/8/2023,11/3/2023,4/11/2023
455,346,10/4/2023,7/31/2024,12/7/2023
456,837,5/4/2024,4/21/2023,5/15/2024
457,447,7/8/2023,12/18/2023,11/30/2023
458,755,1/6/2024,1/14/2024,2/19/2025
459,609,1/11/2025,10/8/2023,9/18/2024
460,621,9/11/2024,5/20/2023,8/28/2023
461,104,2/29/2024,11/15/2023,10/20/2024
462,824,6/18/2024,7/4/2024,8/4/2024
463,423,9/18/2023,6/22/2023,8/3/2024
464,963,9/23/2024,8/30/2024,1/14/2025
465,384,12/17/2023,10/23/2023,7/6/2023
466,60,11/20/2023,2/16/2025,3/15/2025
467,775,12/30/2023,9/7/2023,12/12/2023
468,871,11/6/2024,12/22/2023,1/8/2024
469,235,4/18/2024,9/29/2024,10/12/2024
470,464,7/6/2023,4/21/2023,10/15/2024
471,89,9/24/2024,6/8/2023,3/13/2024
472,345,2/12/2025,11/20/2023,3/11/2024
473,602,7/23/2024,5/7/2023,5/22/2024
474,148,10/19/2024,3/18/2024,4/19/2024
475,483,1/15/2025,8/10/2023,7/5/2023
476,262,2/19/2024,11/1/2023,8/30/2023
477,905,9/5/2023,10/21/2023,8/28/2024
478,291,6/19/2023,10/22/2023,5/11/2023
479,936,6/17/2024,5/2/2023,7/27/2024
480,259,11/7/2023,4/16/2023,8/24/2023
481,843,4/10/2023,9/2/2023,7/29/2024
482,328,4/23/2023,10/9/2023,9/21/2023
483,520,5/31/2023,9/9/2023,2/3/2025
484,449,8/15/2024,3/3/2025,9/5/2023
485,609,2/17/2024,2/17/2024,3/8/2025
486,834,5/21/2023,5/27/2024,3/26/2023
487,575,12/29/2024,10/23/2024,7/6/2023
488,273,8/4/2024,2/15/2025,6/21/2023
489,44,12/9/2024,3/9/2025,5/14/2023
490,731,11/19/2023,3/2/2025,10/12/2023
491,846,3/5/2024,3/21/2024,10/26/2023
492,50,6/7/2024,8/25/2024,3/18/2024
493,218,9/20/2024,9/6/2023,11/19/2023
494,329,3/20/2023,2/27/2024,6/22/2024
495,767,4/24/2024,3/24/2023,3/28/2024
496,664,8/30/2023,7/18/2024,3/6/2024
497,773,11/17/2023,8/23/2023,9/23/2024
498,173,3/24/2023,1/17/2024,8/30/2024
499,37,8/1/2024,9/6/2023,6/8/2023
500,701,6/17/2023,3/12/2025,9/21/2024
501,336,3/25/2024,4/1/2024,11/21/2023
502,674,7/5/2023,9/30/2024,12/4/2024
503,849,1/4/2024,8/29/2024,10/21/2023
504,927,3/16/2025,6/16/2024,3/18/2025
505,978,1/3/2024,12/6/2023,7/25/2023
506,2,11/27/2023,11/16/2024,11/14/2023
507,43,8/7/2024,7/9/2024,7/31/2024
508,254,6/17/2023,3/23/2024,1/21/2025
509,737,8/31/2024,3/10/2024,3/17/2025
510,477,9/3/2023,9/27/2024,3/24/2024
511,100,12/14/2023,9/2/2024,9/26/2024
512,46,10/5/2023,11/2/2024,8/18/2023
513,779,5/9/2024,5/5/2024,8/11/2024
514,97,8/26/2023,1/15/2024,11/16/2024
515,983,12/30/2023,2/18/2024,5/2/2024
516,397,3/27/2023,3/16/2025,1/16/2024
517,522,7/19/2024,1/22/2024,1/13/2024
518,26,1/1/2025,3/6/2025,1/22/2024
519,674,5/3/2023,10/1/2024,4/9/2024
520,959,12/31/2023,5/3/2023,9/28/2023
521,332,5/11/2024,10/31/2024,5/13/2023
522,373,3/20/2023,1/18/2024,1/24/2025
523,249,1/16/2025,7/11/2023,12/21/2024
524,604,11/20/2023,7/17/2024,12/9/2024
525,748,10/11/2024,1/19/2024,4/16/2023
526,70,12/29/2024,4/25/2024,5/8/2024
527,483,9/30/2024,4/17/2023,5/2/2024
528,401,2/26/2024,1/3/2024,2/15/2025
529,138,1/9/2024,7/9/2024,12/29/2023
530,25,8/22/2023,5/21/2024,2/17/2025
531,177,9/29/2024,12/18/2024,1/23/2025
532,73,12/5/2024,2/6/2024,12/11/2023
533,814,11/18/2024,9/21/2024,2/24/2025
534,820,5/23/2023,8/25/2024,12/26/2024
535,606,4/19/2023,8/8/2023,5/26/2023
536,409,3/1/2025,9/4/2023,9/26/2024
537,757,10/12/2024,12/4/2023,3/7/2025
538,317,4/26/2023,8/12/2024,5/23/2024
539,886,1/14/2024,1/8/2024,1/1/2025
540,244,3/16/2025,6/29/2023,4/4/2024
541,181,11/3/2024,10/16/2024,1/7/2024
542,689,2/10/2024,9/5/2023,6/4/2024
543,300,3/27/2023,2/6/2024,9/14/2023
544,407,4/19/2024,12/7/2024,1/25/2025
545,500,12/3/2024,1/11/2024,9/1/2024
546,317,8/1/2024,2/7/2025,4/26/2023
547,822,5/8/2023,4/7/2023,9/21/2023
548,934,8/5/2023,4/6/2024,6/21/2023
549,944,6/12/2023,10/5/2023,10/7/2024
550,999,4/28/2023,9/16/2024,2/28/2024
551,815,5/8/2023,7/18/2023,8/13/2023
552,210,10/14/2023,7/23/2024,4/15/2023
553,943,9/30/2023,9/18/2023,12/31/2023
554,92,6/6/2024,8/24/2023,8/17/2024
555,792,3/19/2024,5/19/2024,9/24/2023
556,181,10/3/2023,12/7/2024,7/23/2024
557,228,6/25/2024,1/6/2024,7/25/2024
558,475,2/16/2024,3/17/2025,10/9/2023
559,200,11/21/2023,10/28/2023,4/4/2023
560,900,1/30/2025,1/10/2024,6/3/2023
561,907,6/7/2023,7/2/2024,3/4/2025
562,660,3/10/2025,5/13/2023,4/4/2024
563,932,11/20/2024,6/8/2024,10/10/2024
564,517,8/22/2024,4/16/2023,12/30/2023
565,635,10/14/2024,6/28/2024,6/26/2024
566,794,3/28/2023,1/29/2025,9/9/2023
567,414,12/4/2023,11/11/2023,3/3/2025
568,830,12/26/2024,4/21/2024,6/11/2023
569,806,11/22/2023,2/15/2024,7/8/2023
570,319,2/10/2024,7/20/2024,3/21/2023
571,627,10/4/2023,5/22/2024,8/28/2023
572,811,12/20/2024,12/16/2024,5/4/2024
573,763,6/6/2024,5/24/2023,4/6/2024
574,363,8/2/2023,2/18/2024,2/10/2025
575,48,12/1/2023,7/3/2023,1/29/2024
576,425,2/18/2024,10/17/2023,10/16/2024
577,258,2/22/2025,8/31/2023,2/21/2025
578,156,4/5/2024,11/11/2024,6/14/2024
579,349,5/20/2023,5/23/2024,3/23/2023
580,132,12/10/2024,11/15/2023,6/16/2023
581,632,5/26/2023,8/31/2024,12/27/2024
582,849,6/27/2023,6/8/2024,12/10/2023
583,230,3/12/2024,1/21/2024,4/27/2024
584,772,1/14/2025,1/31/2024,5/21/2024
585,351,1/1/2024,1/17/2024,1/15/2024
586,166,3/27/2023,6/28/2024,12/16/2023
587,630,12/20/2023,10/3/2024,9/16/2024
588,228,7/3/2024,9/5/2024,7/3/2024
589,924,12/22/2024,7/18/2024,10/4/2024
590,69,4/13/2023,1/22/2025,11/8/2023
591,491,3/16/2024,12/29/2023,8/4/2024
592,274,3/11/2025,4/5/2023,1/3/2024
593,364,1/8/2025,4/6/2024,1/19/2024
594,454,6/30/2024,7/6/2024,1/21/2024
595,839,6/24/2024,3/19/2024,2/21/2025
596,139,8/18/2024,6/18/2024,4/14/2024
597,23,1/26/2025,6/17/2024,12/5/2023
598,940,5/26/2023,7/15/2024,3/24/2023
599,471,11/27/2023,1/4/2024,2/26/2024
600,887,9/25/2024,4/30/2024,5/5/2023
601,44,8/15/2023,6/30/2023,10/4/2023
602,169,12/8/2023,12/20/2023,8/19/2024
603,923,3/3/2025,10/3/2024,5/7/2023
604,479,2/20/2025,5/26/2024,5/19/2024
605,560,12/26/2023,7/8/2023,3/10/2025
606,756,9/4/2024,12/1/2023,3/16/2024
607,763,11/22/2024,1/29/2025,7/11/2024
608,517,8/19/2024,8/3/2024,9/3/2023
609,182,8/23/2023,10/5/2023,4/6/2023
610,160,5/19/2024,1/10/2025,1/3/2025
611,393,4/2/2023,9/12/2024,7/11/2023
612,805,10/2/2024,12/23/2023,3/19/2025
613,389,12/22/2023,9/14/2024,5/10/2023
614,360,6/25/2024,10/14/2024,6/13/2023
615,661,5/8/2023,4/26/2023,8/31/2024
616,732,7/27/2024,2/11/2024,12/16/2023
617,986,7/26/2024,4/13/2024,2/26/2025
618,562,10/30/2023,10/26/2023,1/20/2024
619,219,10/19/2023,10/19/2023,10/4/2023
620,541,7/2/2023,11/17/2023,5/30/2024
621,536,11/9/2023,11/21/2024,3/8/2025
622,351,3/4/2024,7/11/2023,5/5/2024
623,277,10/13/2024,12/24/2023,4/27/2023
624,218,11/16/2023,8/24/2023,5/19/2023
625,532,7/5/2024,5/21/2024,4/24/2023
626,423,12/21/2024,2/2/2025,1/2/2025
627,115,11/17/2024,8/29/2024,12/10/2023
628,684,2/12/2024,9/29/2023,11/12/2024
629,889,2/17/2024,12/27/2023,9/13/2023
630,663,8/28/2023,11/2/2023,7/20/2024
631,676,10/23/2023,2/9/2025,5/28/2024
632,926,4/20/2024,1/26/2024,10/10/2023
633,991,8/16/2024,4/5/2024,11/12/2023
634,816,4/26/2023,3/7/2025,5/28/2023
635,305,4/19/2023,3/26/2024,9/11/2023
636,307,10/18/2023,10/30/2024,12/6/2023
637,323,11/7/2023,5/2/2023,3/23/2023
638,334,12/29/2023,7/3/2023,1/10/2025
639,674,7/6/2024,8/20/2024,5/9/2024
640,678,2/26/2025,5/24/2023,2/6/2025
641,675,12/28/2024,10/2/2024,11/24/2023
642,825,1/17/2024,6/26/2023,8/22/2024
643,703,4/18/2024,1/7/2024,5/27/2024
644,749,9/23/2023,7/16/2024,12/20/2023
645,435,7/12/2023,8/21/2023,3/10/2025
646,829,6/23/2024,4/5/2024,12/14/2024
647,304,7/23/2023,1/25/2025,2/2/2024
648,958,4/13/2023,9/8/2023,12/31/2023
649,432,7/13/2023,10/1/2024,10/1/2024
650,49,6/8/2024,2/22/2024,8/30/2023
651,766,12/2/2023,7/3/2023,1/1/2024
652,509,3/11/2025,2/27/2024,4/11/2024
653,138,3/14/2024,9/11/2023,1/28/2025
654,420,10/20/2023,2/16/2025,5/12/2023
655,796,10/31/2023,6/19/2023,1/1/2024
656,845,8/21/2023,2/15/2025,8/1/2024
657,157,11/16/2024,6/20/2023,9/25/2024
658,806,2/3/2024,11/2/2023,6/13/2024
659,648,10/1/2023,1/30/2024,2/18/2024
660,469,6/11/2023,11/4/2023,4/2/2023
661,750,12/6/2024,1/31/2024,9/4/2023
662,234,6/15/2024,12/2/2023,12/4/2024
663,462,2/4/2024,7/9/2023,8/25/2023
664,886,8/13/2023,1/18/2025,5/15/2023
665,641,2/17/2024,4/9/2024,7/6/2024
666,878,9/17/2024,4/19/2023,7/18/2024
667,161,7/15/2023,11/15/2024,6/1/2023
668,584,6/4/2024,9/17/2023,4/11/2024
669,439,3/23/2024,8/28/2023,11/25/2023
670,418,10/1/2023,5/11/2024,7/17/2024
671,822,2/25/2024,4/22/2024,7/16/2023
672,438,2/27/2024,12/5/2023,3/28/2023
673,991,4/17/2024,7/5/2023,4/10/2023
674,612,11/28/2024,5/1/2024,2/2/2024
675,83,4/27/2023,3/24/2023,3/1/2024
676,899,6/29/2024,4/19/2023,8/4/2024
677,446,10/5/2023,9/1/2024,11/29/2024
678,873,10/4/2024,7/17/2024,11/8/2024
679,182,5/22/2024,8/15/2023,8/28/2024
680,369,4/13/2024,3/18/2025,11/1/2024
681,175,2/14/2024,9/6/2023,10/8/2023
682,174,7/29/2023,4/10/2024,2/12/2025
683,613,7/7/2023,5/29/2024,6/10/2023
684,327,1/11/2025,9/30/2024,6/29/2023
685,343,3/26/2023,10/26/2023,3/15/2025
686,448,12/7/2023,12/31/2023,8/28/2024
687,18,4/16/2024,12/16/2023,6/25/2024
688,477,10/14/2024,2/5/2025,2/8/2025
689,653,6/19/2024,4/20/2024,11/22/2024
690,286,8/4/2023,8/14/2024,2/11/2024
691,693,12/1/2023,8/28/2024,9/11/2024
692,530,12/28/2023,6/27/2024,1/15/2024
693,8,8/8/2023,3/22/2023,2/25/2025
694,274,7/3/2024,3/29/2024,12/26/2024
695,798,1/23/2024,6/8/2023,7/20/2023
696,304,9/21/2024,10/28/2024,5/16/2024
697,347,7/25/2023,7/14/2023,12/11/2024
698,427,5/14/2023,1/5/2024,5/17/2023
699,877,4/5/2023,9/24/2023,5/19/2023
700,125,5/20/2024,8/16/2024,8/14/2024
701,552,6/27/2023,1/11/2025,8/12/2024
702,142,3/5/2025,5/7/2024,11/4/2024
703,151,1/11/2024,9/26/2023,3/26/2023
704,671,4/14/2024,6/22/2024,9/24/2023
705,582,3/13/2024,6/17/2024,8/21/2023
706,522,8/19/2024,3/6/2024,10/25/2024
707,977,6/5/2023,11/23/2023,3/8/2025
708,25,7/7/2024,12/3/2024,7/19/2024
709,269,7/5/2023,10/11/2023,3/22/2023
710,51,11/30/2024,7/26/2023,2/15/2024
711,591,2/6/2024,11/19/2024,6/6/2023
712,791,12/1/2023,3/14/2024,4/11/2024
713,518,7/19/2023,11/18/2024,3/2/2024
714,958,3/31/2024,10/23/2024,12/22/2024
715,164,10/30/2023,4/12/2024,12/10/2024
716,718,3/11/2025,5/14/2023,3/7/2024
717,274,7/27/2024,5/26/2023,1/29/2024
718,795,7/25/2023,1/3/2025,11/4/2023
719,533,2/17/2024,7/21/2024,5/7/2024
720,819,1/17/2024,12/2/2023,4/26/2023
721,479,9/26/2024,5/30/2023,8/8/2023
722,277,2/22/2024,3/11/2025,7/25/2024
723,935,2/20/2025,5/20/2023,8/1/2024
724,246,6/26/2024,1/17/2024,4/19/2024
725,576,7/22/2024,9/24/2023,3/30/2024
726,666,1/19/2024,3/5/2024,8/24/2024
727,965,10/9/2023,4/20/2023,1/19/2025
728,646,12/8/2024,11/1/2024,1/5/2024
729,222,3/5/2024,2/21/2024,6/6/2023
730,846,9/8/2024,9/22/2023,2/26/2024
731,9,4/26/2023,12/19/2024,1/2/2024
732,157,3/29/2023,6/6/2024,9/17/2024
733,843,11/3/2023,8/12/2024,6/21/2023
734,613,12/10/2023,10/7/2023,1/9/2024
735,873,8/10/2024,7/16/2024,5/23/2024
736,150,4/28/2023,8/13/2024,8/3/2024
737,326,12/31/2023,6/14/2024,8/12/2023
738,389,12/13/2023,6/4/2023,10/28/2024
739,606,3/14/2025,1/15/2025,11/6/2023
740,753,8/16/2024,9/2/2023,6/12/2023
741,205,10/26/2024,12/23/2024,10/24/2023
742,148,1/18/2024,1/25/2024,2/2/2025
743,82,9/16/2023,7/31/2024,8/28/2023
744,721,6/7/2024,9/3/2024,10/5/2023
745,25,11/20/2023,4/10/2024,4/17/2024
746,47,1/7/2025,10/6/2024,1/2/2025
747,314,5/2/2023,1/10/2025,12/30/2024
748,659,9/27/2024,4/7/2024,8/13/2023
749,587,8/31/2024,3/24/2023,4/9/2023
750,404,10/8/2023,5/11/2024,11/7/2023
751,525,6/23/2024,9/13/2023,12/21/2024
752,355,5/31/2024,2/27/2024,5/13/2023
753,20,12/24/2023,8/3/2024,12/19/2024
754,618,5/8/2024,12/20/2023,2/12/2025
755,196,6/6/2023,9/29/2023,5/29/2024
756,270,11/25/2023,8/31/2024,5/26/2024
757,561,1/19/2024,12/19/2023,1/13/2025
758,108,6/21/2024,12/2/2024,11/4/2023
759,7,10/4/2023,12/2/2023,9/23/2024
760,792,8/17/2023,8/19/2023,4/26/2023
761,383,6/28/2024,10/23/2023,11/9/2023
762,212,6/22/2024,12/12/2024,8/24/2024
763,353,10/31/2023,12/23/2024,2/1/2025
764,845,12/14/2023,12/21/2024,10/28/2024
765,4,2/24/2024,4/10/2023,3/8/2025
766,961,11/10/2023,2/11/2024,1/24/2024
767,890,12/1/2023,7/2/2024,6/1/2024
768,213,8/9/2024,7/4/2023,7/4/2024
769,579,8/22/2023,12/16/2024,8/13/2024
770,346,4/5/2024,4/16/2023,12/1/2024
771,899,11/10/2023,4/6/2024,8/18/2023
772,632,4/23/2024,6/22/2024,10/18/2024
773,45,10/18/2024,3/17/2024,12/3/2024
774,964,8/24/2024,6/6/2024,12/1/2023
775,83,7/13/2023,1/9/2024,11/24/2024
776,54,6/12/2024,1/21/2025,9/24/2024
777,238,10/15/2024,3/29/2023,1/2/2025
778,649,7/27/2023,10/12/2024,5/8/2023
779,603,11/8/2023,4/10/2023,3/1/2025
780,613,12/11/2024,2/13/2024,2/29/2024
781,220,3/13/2024,2/12/2025,3/31/2024
782,854,12/20/2023,4/8/2024,4/21/2024
783,692,7/2/2024,5/4/2024,4/22/2023
784,498,5/9/2023,12/13/2023,8/28/2024
785,479,10/18/2024,3/15/2025,1/25/2024
786,251,10/13/2024,10/15/2023,3/26/2023
787,936,8/31/2024,12/13/2023,8/24/2024
788,118,1/26/2025,10/3/2024,12/15/2023
789,47,3/10/2024,1/26/2025,10/8/2023
790,350,2/2/2025,8/24/2023,5/3/2024
791,393,7/31/2024,2/12/2025,6/21/2024
792,850,9/6/2024,11/21/2023,8/16/2023
793,996,4/3/2024,6/8/2024,10/27/2024
794,793,5/13/2023,5/3/2024,10/15/2024
795,988,11/24/2023,7/17/2023,9/16/2023
796,90,5/17/2023,3/1/2025,9/20/2023
797,391,5/16/2024,9/30/2024,10/2/2023
798,452,7/25/2024,2/27/2025,12/14/2023
799,271,10/7/2024,2/17/2025,10/20/2023
800,730,9/14/2024,4/5/2023,8/10/2024
801,564,1/23/2025,12/22/2024,4/30/2024
802,728,3/1/2024,12/31/2024,12/31/2023
803,834,9/26/2023,11/21/2024,5/24/2024
804,107,5/23/2024,7/17/2024,12/30/2024
805,173,6/14/2024,11/26/2023,7/30/2024
806,518,4/27/2023,10/7/2024,8/11/2024
807,513,4/24/2024,3/24/2024,5/3/2024
808,994,2/16/2025,12/11/2024,8/6/2024
809,998,5/26/2023,12/11/2024,10/4/2023
810,261,6/23/2024,1/30/2025,7/8/2023
811,31,8/15/2023,12/11/2024,3/12/2025
812,216,7/26/2023,5/28/2023,5/9/2024
813,121,8/16/2023,11/10/2024,3/24/2024
814,871,7/22/2023,5/11/2023,8/30/2024
815,818,3/12/2025,1/1/2025,4/24/2024
816,753,8/5/2023,2/27/2025,4/10/2023
817,800,9/23/2023,4/9/2024,1/16/2025
818,723,9/8/2024,12/12/2023,8/21/2023
819,324,3/21/2023,4/25/2023,1/1/2025
820,810,12/6/2023,5/13/2023,4/26/2023
821,232,11/1/2023,2/9/2024,11/15/2023
822,144,8/16/2024,8/16/2023,11/20/2023
823,565,5/26/2023,8/3/2023,6/23/2024
824,949,10/20/2024,12/3/2023,7/20/2024
825,706,1/16/2025,9/6/2023,6/13/2023
826,63,6/28/2023,11/21/2024,5/23/2023
827,764,1/20/2024,2/24/2025,11/5/2024
828,624,11/4/2024,12/19/2024,1/30/2025
829,930,5/7/2023,2/9/2025,9/20/2024
830,932,5/14/2024,2/9/2024,1/1/2025
831,853,10/2/2023,7/15/2024,8/17/2024
832,431,11/15/2023,1/12/2025,11/9/2024
833,835,2/4/2025,8/28/2023,3/26/2024
834,80,7/28/2024,2/20/2025,9/12/2024
835,831,11/17/2023,8/16/2024,12/7/2023
836,350,12/3/2024,9/15/2023,3/30/2024
837,976,3/13/2025,5/14/2023,6/5/2024
838,763,1/7/2024,12/24/2023,10/12/2023
839,545,1/21/2025,12/30/2024,3/25/2024
840,445,1/29/2025,11/8/2023,3/21/2024
841,846,9/27/2024,3/31/2023,10/10/2023
842,399,5/29/2024,3/29/2023,12/27/2024
843,262,7/19/2023,5/26/2024,9/4/2023
844,155,12/27/2024,10/9/2023,2/5/2025
845,463,5/5/2024,9/12/2024,4/20/2024
846,960,11/27/2024,3/16/2025,11/30/2023
847,736,3/4/2024,6/5/2023,8/27/2024
848,888,5/8/2023,4/3/2024,5/6/2024
849,239,12/21/2023,8/18/2023,6/6/2024
850,410,12/23/2023,3/18/2024,8/14/2023
851,822,2/26/2024,4/8/2024,6/11/2023
852,207,6/22/2024,7/27/2024,9/9/2024
853,667,2/27/2025,7/4/2023,5/20/2023
854,889,9/16/2023,9/7/2024,11/29/2023
855,378,12/30/2023,12/20/2023,6/13/2024
856,400,10/2/2024,6/19/2024,7/21/2023
857,884,4/27/2024,5/8/2024,3/26/2023
858,289,1/8/2025,10/15/2023,7/23/2024
859,571,8/23/2024,8/20/2023,6/30/2023
860,232,11/18/2024,3/12/2025,9/19/2024
861,460,10/14/2023,1/2/2025,2/5/2025
862,748,3/1/2025,7/1/2024,12/26/2023
863,429,9/21/2024,10/21/2023,8/26/2024
864,688,11/16/2023,3/23/2024,3/14/2024
865,619,12/31/2023,1/6/2024,4/28/2023
866,5,5/1/2023,12/17/2023,5/31/2024
867,302,11/29/2023,7/7/2024,11/28/2023
868,629,6/4/2024,12/25/2023,3/26/2024
869,339,6/8/2024,11/19/2024,6/16/2023
870,819,10/11/2023,5/9/2023,5/1/2023
871,405,11/12/2024,2/10/2025,6/14/2024
872,755,4/19/2023,5/1/2023,2/9/2025
873,240,9/23/2023,12/1/2024,8/11/2023
874,77,5/11/2024,12/31/2024,8/8/2023
875,30,1/21/2025,1/18/2025,12/1/2023
876,27,12/6/2024,12/30/2024,5/24/2023
877,96,12/13/2023,3/30/2024,9/24/2024
878,866,10/25/2024,1/10/2025,9/10/2024
879,595,12/12/2024,10/3/2023,7/5/2023
880,370,2/25/2024,9/2/2023,1/13/2025
881,249,12/4/2024,12/26/2023,4/16/2023
882,840,10/11/2023,1/4/2024,10/2/2023
883,832,11/2/2023,10/5/2024,8/23/2024
884,336,7/13/2023,10/7/2023,3/1/2025
885,958,5/31/2023,12/30/2024,7/22/2024
886,52,8/2/2023,8/21/2024,9/3/2024
887,12,5/21/2023,6/12/2023,3/21/2023
888,702,8/27/2023,9/10/2023,10/4/2024
889,66,4/16/2024,10/19/2024,7/2/2024
890,585,7/14/2024,7/10/2024,6/16/2023
891,72,2/3/2024,11/21/2024,10/28/2023
892,354,4/28/2023,10/12/2024,12/6/2023
893,458,12/31/2024,11/30/2023,6/3/2023
894,121,8/18/2024,4/5/2023,2/9/2025
895,592,4/12/2023,7/28/2024,4/1/2023
896,361,12/23/2023,6/29/2023,12/26/2024
897,724,6/30/2024,9/3/2023,11/23/2024
898,798,4/3/2023,2/15/2025,7/11/2024
899,348,1/4/2025,11/21/2023,2/11/2025
900,70,11/12/2024,9/24/2024,1/3/2024
901,51,3/13/2025,11/18/2024,10/15/2023
902,863,10/20/2023,6/22/2024,6/2/2024
903,448,5/17/2023,3/22/2023,3/15/2024
904,730,10/3/2023,7/18/2023,9/27/2024
905,733,8/30/2023,8/8/2023,9/25/2023
906,416,7/30/2024,3/25/2023,11/27/2023
907,986,4/30/2024,7/8/2024,1/11/2024
908,996,8/1/2023,7/3/2024,8/23/2024
909,68,4/19/2023,5/31/2023,11/17/2023
910,54,10/17/2024,11/19/2024,10/22/2024
911,303,7/24/2024,1/11/2025,2/14/2024
912,679,5/6/2023,3/6/2024,3/21/2024
913,306,9/5/2024,5/18/2023,7/1/2024
914,275,8/10/2023,8/19/2024,12/16/2024
915,65,6/21/2024,12/12/2024,5/20/2023
916,889,12/5/2023,6/26/2023,5/28/2024
917,331,9/27/2023,10/25/2024,5/16/2023
918,851,8/20/2024,6/14/2024,4/8/2023
919,880,6/14/2024,4/13/2024,1/6/2025
920,295,4/26/2023,9/19/2023,9/15/2023
921,86,9/7/2023,6/22/2023,10/8/2023
922,312,1/10/2024,11/22/2023,10/26/2024
923,643,4/2/2024,11/8/2024,12/8/2023
924,768,6/21/2023,5/20/2023,12/9/2023
925,686,7/7/2023,8/3/2024,7/8/2023
926,927,11/8/2023,2/26/2024,5/30/2023
927,268,11/24/2023,10/24/2024,4/9/2024
928,364,3/24/2023,3/1/2024,10/15/2023
929,175,2/8/2024,6/21/2023,1/1/2025
930,467,3/17/2024,6/2/2024,1/29/2025
931,99,2/4/2024,9/7/2024,4/6/2024
932,679,12/14/2024,2/6/2025,10/22/2024
933,986,10/12/2023,1/27/2024,3/13/2024
934,901,1/22/2024,11/5/2024,3/14/2025
935,66,5/6/2024,7/26/2024,4/17/2024
936,764,2/1/2025,1/28/2024,1/2/2024
937,71,9/16/2023,10/19/2023,6/20/2024
938,316,5/25/2023,6/26/2023,4/5/2024
939,259,2/5/2024,5/19/2023,12/17/2023
940,85,11/8/2024,8/9/2024,4/5/2024
941,699,8/17/2023,2/1/2025,2/21/2025
942,407,7/17/2024,6/6/2024,4/8/2024
943,310,7/23/2023,4/8/2023,4/12/2023
944,865,10/8/2023,12/11/2023,1/6/2025
945,971,1/6/2024,10/17/2024,11/9/2023
946,66,4/23/2024,7/23/2024,4/15/2023
947,910,4/28/2024,3/28/2024,5/31/2023
948,683,10/2/2024,8/8/2024,12/25/2023
949,420,6/28/2023,3/26/2023,1/29/2025
950,314,4/25/2024,8/30/2024,10/16/2024
951,14,1/4/2024,10/17/2023,3/31/2024
952,998,9/30/2024,1/14/2024,3/31/2024
953,155,5/26/2024,11/9/2023,7/10/2024
954,464,6/22/2024,11/19/2024,3/19/2025
955,425,4/28/2024,12/7/2023,12/25/2023
956,498,7/9/2023,6/13/2023,2/29/2024
957,620,11/26/2023,8/2/2024,11/3/2024
958,849,7/25/2024,12/22/2023,2/24/2025
959,787,6/6/2023,11/22/2023,10/1/2024
960,946,4/27/2024,12/31/2024,1/7/2025
961,490,6/2/2024,6/11/2023,10/2/2023
962,462,12/23/2024,6/13/2023,10/21/2023
963,697,7/27/2023,3/20/2024,2/8/2024
964,97,1/15/2025,4/9/2023,11/21/2024
965,871,10/27/2024,4/24/2024,7/26/2023
966,381,5/30/2024,10/4/2024,9/15/2023
967,853,4/21/2023,9/28/2023,10/23/2023
968,873,2/1/2025,5/28/2024,3/5/2025
969,577,9/18/2024,10/24/2024,10/21/2024
970,180,4/10/2023,6/15/2024,11/30/2024
971,559,9/24/2024,10/26/2023,3/14/2024
972,560,11/23/2024,7/13/2024,6/15/2023
973,341,12/11/2024,12/11/2023,2/22/2024
974,998,3/13/2025,12/14/2024,4/18/2024
975,587,10/12/2023,1/31/2024,9/17/2023
976,459,3/20/2024,3/18/2025,5/6/2024
977,97,3/17/2024,6/30/2023,5/4/2024
978,50,4/11/2023,1/2/2024,1/25/2025
979,150,2/8/2024,8/8/2023,3/14/2024
980,483,2/8/2024,12/29/2023,5/1/2023
981,532,3/27/2023,11/8/2023,9/24/2023
982,133,4/9/2023,6/12/2024,2/9/2024
983,746,10/6/2024,9/6/2023,2/15/2025
984,908,6/22/2024,3/29/2023,2/26/2024
985,697,7/26/2024,11/5/2024,7/17/2023
986,716,10/9/2024,6/11/2023,8/5/2024
987,444,11/27/2023,6/3/2024,1/27/2025
988,215,9/26/2024,3/28/2023,5/16/2023
989,9,3/27/2024,4/5/2024,10/26/2023
990,315,9/25/2023,4/29/2023,4/24/2024
991,305,10/18/2023,5/23/2024,3/27/2024
992,58,11/4/2023,3/22/2024,9/15/2023
993,763,4/24/2024,4/15/2023,5/31/2023
994,329,3/4/2025,6/2/2024,4/5/2023
995,368,10/8/2024,6/25/2024,7/5/2024
996,653,12/24/2024,8/16/2023,8/6/2024
997,910,6/3/2023,5/9/2023,8/6/2023
998,289,1/21/2025,12/22/2024,9/15/2024
999,342,8/18/2023,1/27/2024,5/3/2024
1000,207,7/7/2023,8/30/2024,3/25/2024
